1,2025-12-22 01:38:08,2026-01-05,2026-01-16,978-1-00-571367-6,1105
2,2026-02-12 20:30:29,2026-02-26,2026-03-02,978-1-05-487850-0,1054
3,2025-07-18 16:01:18,2025-08-01,2025-07-29,978-1-84639-802-5,1299
4,2025-06-25 16:14:03,2025-07-09,2025-07-12,978-1-956288-22-3,1025
5,2025-08-21 18:56:42,2025-09-04,2025-09-04,978-1-256-69122-8,1299
6,2025-07-02 04:59:37,2025-07-16,,978-1-06-813923-9,1299
7,2025-10-14 20:13:35,2025-10-28,2025-10-28,978-0-510-37590-4,1019
8,2026-02-25 03:57:09,2026-03-11,2026-03-15,978-1-01-811503-0,1062
9,2025-11-13 23:43:20,2025-11-27,,978-0-947053-76-5,1203
10,2026-01-14 00:49:57,2026-01-28,,978-0-253-34847-0,1161
11,2025-10-09 21:28:16,2025-10-23,2025-10-26,978-1-337-92567-9,1066
12,2026-01-29 18:46:00,2026-02-12,,978-1-60485-106-9,1217
13,2025-08-14 06:32:12,2025-08-28,,978-1-76721-609-5,1102
14,2025-12-05 16:10:32,2025-12-19,2025-12-15,978-1-159-63696-8,1024
15,2025-04-13 08:17:26,2025-04-27,2025-04-23,978-1-880845-36-3,1076
16,2025-04-29 17:23:06,2025-05-13,2025-05-14,978-0-471-12384-2,1203
17,2026-01-02 10:57:56,2026-01-16,2026-01-25,978-1-4231-9763-8,1121
18,2025-12-02 09:51:38,2025-12-16,2025-12-05,978-0-13-486092-3,1016
19,2025-08-09 06:56:19,2025-08-23,2025-09-01,978-1-315-22887-7,1161
20,2025-11-17 12:17:46,2025-12-01,2025-12-05,978-0-221-14219-2,1238
21,2025-10-06 20:38:22,2025-10-20,2025-10-28,978-0-938880-34-9,1277
22,2025-05-05 02:24:12,2025-05-19,2025-05-29,978-0-519-69182-1,1126
23,2025-09-20 12:51:57,2025-10-04,2025-09-22,978-0-941474-88-7,1095
24,2025-04-20 08:40:20,2025-05-04,2025-04-27,978-1-176-41534-8,1202
25,2025-09-15 15:07:04,2025-09-29,2025-09-30,978-0-527-52799-0,1043
26,2026-03-07 08:44:49,2026-03-21,,978-1-68752-578-9,1224
27,2026-01-12 13:28:47,2026-01-26,2026-01-26,978-0-594-95721-8,1087
28,2025-11-05 14:28:47,2025-11-19,2025-11-21,978-0-596-58859-5,1180
29,2026-03-01 22:28:12,2026-03-15,2026-03-13,978-0-9533167-1-7,1187
30,2025-04-24 19:15:40,2025-05-08,2025-05-03,978-0-372-23242-1,1085
31,2025-07-22 00:36:08,2025-08-05,2025-08-15,978-0-8103-6018-1,1073
32,2025-08-11 06:34:01,2025-08-25,2025-08-17,978-1-106-74635-1,1199
33,2025-03-31 15:22:27,2025-04-14,,978-0-629-40655-1,1263
34,2025-10-30 23:32:05,2025-11-13,2025-11-10,978-0-09-305390-9,1045
35,2025-05-27 21:20:34,2025-06-10,2025-06-08,978-0-447-46493-1,1281
36,2025-08-14 10:40:08,2025-08-28,,978-1-64537-524-1,1173
37,2025-11-19 11:39:54,2025-12-03,2025-12-12,978-1-69227-696-6,1114
38,2025-04-21 19:06:58,2025-05-05,,978-0-9666711-8-6,1141
39,2025-08-14 12:41:41,2025-08-28,2025-09-03,978-0-348-28247-4,1044
40,2025-06-11 23:07:56,2025-06-25,,978-1-60026-548-8,1266
41,2025-05-08 18:56:22,2025-05-22,,978-0-13-928688-9,1208
42,2026-01-18 03:08:01,2026-02-01,2026-02-04,978-0-371-95341-9,1178
43,2026-02-27 21:55:19,2026-03-13,2026-03-02,978-1-67956-623-3,1220
44,2025-08-05 03:57:08,2025-08-19,2025-08-16,978-1-915983-08-4,1207
45,2025-08-29 08:42:39,2025-09-12,2025-09-15,978-1-347-60258-4,1162
46,2025-03-24 19:41:40,2025-04-07,2025-04-14,978-0-9762299-5-7,1114
47,2026-01-12 11:14:38,2026-01-26,2026-02-02,978-0-372-40589-4,1141
48,2026-03-04 08:32:49,2026-03-18,,978-1-71699-192-9,1228
49,2025-10-06 18:38:32,2025-10-20,,978-1-80566-515-1,1028
50,2025-11-18 14:30:20,2025-12-02,2025-12-13,978-1-71357-182-7,1265
51,2025-12-22 13:24:32,2026-01-05,2026-01-09,978-0-324-01988-9,1291
52,2025-04-17 22:16:25,2025-05-01,2025-04-28,978-0-89214-000-8,1294
53,2025-07-17 13:22:35,2025-07-31,2025-08-10,978-0-8097-6718-2,1256
54,2025-03-24 12:59:40,2025-04-07,2025-04-06,978-1-62619-538-7,1141
55,2025-08-18 12:47:19,2025-09-01,,978-0-274-33564-0,1270
56,2025-06-14 20:18:07,2025-06-28,2025-06-25,978-1-79426-623-0,1153
57,2025-10-21 09:36:48,2025-11-04,2025-10-23,978-0-85089-587-2,1120
58,2025-08-25 09:22:49,2025-09-08,2025-09-02,978-1-83663-640-3,1064
59,2025-07-18 05:02:01,2025-08-01,2025-07-25,978-1-5042-1058-4,1154
60,2025-04-08 12:05:15,2025-04-22,,978-1-82039-850-8,1037
61,2025-06-23 06:49:26,2025-07-07,2025-07-10,978-0-341-53711-3,1046
62,2025-05-24 15:29:51,2025-06-07,2025-06-11,978-0-8001-7648-8,1064
63,2025-07-19 03:58:17,2025-08-02,2025-07-30,978-1-128-11497-8,1061
64,2025-10-19 21:21:18,2025-11-02,2025-11-04,978-1-01-293094-3,1178
65,2025-07-02 06:22:36,2025-07-16,2025-07-08,978-0-7035-8086-3,1239
66,2025-12-09 15:40:39,2025-12-23,2025-12-19,978-0-09-640273-5,1248
67,2025-12-02 05:54:37,2025-12-16,2025-12-11,978-1-4924-8531-5,1297
68,2025-07-21 10:46:57,2025-08-04,2025-07-22,978-0-474-10562-3,1057
69,2025-07-01 02:57:44,2025-07-15,2025-07-03,978-0-85976-566-4,1267
70,2025-06-04 17:53:10,2025-06-18,2025-06-09,978-0-582-93642-3,1149
71,2025-06-03 06:11:39,2025-06-17,2025-06-19,978-0-7258-3719-8,1137
72,2025-04-28 11:32:06,2025-05-12,2025-05-14,978-0-16-008062-3,1199
73,2025-10-31 03:48:45,2025-11-14,2025-11-05,978-0-304-33207-6,1155
74,2025-07-17 03:24:39,2025-07-31,2025-07-28,978-0-86052-908-8,1035
75,2025-08-10 21:18:24,2025-08-24,2025-08-24,978-0-462-91890-7,1135
76,2025-11-11 07:36:28,2025-11-25,2025-11-22,978-1-189-64582-4,1044
77,2025-05-02 17:07:16,2025-05-16,2025-05-03,978-0-11-791174-1,1289
78,2025-08-12 15:09:23,2025-08-26,2025-08-16,978-0-9570082-1-2,1153
79,2026-02-16 14:46:26,2026-03-02,2026-03-10,978-1-994193-80-0,1066
80,2025-04-23 00:07:41,2025-05-07,,978-1-135-18473-5,1052
81,2025-06-10 04:11:44,2025-06-24,2025-06-28,978-1-86784-838-7,1163
82,2026-01-18 22:03:16,2026-02-01,2026-01-29,978-0-07-655784-4,1138
83,2025-09-07 00:52:32,2025-09-21,,978-1-102-21288-1,1000
84,2026-02-24 18:55:30,2026-03-10,2026-03-13,978-0-512-41374-1,1244
85,2025-12-13 09:24:32,2025-12-27,2026-01-01,978-1-197-96586-0,1281
86,2025-11-11 12:26:46,2025-11-25,2025-11-27,978-0-662-07383-3,1133
87,2026-02-16 19:12:36,2026-03-02,2026-03-01,978-1-107-88864-7,1150
88,2026-03-06 06:23:35,2026-03-20,2026-03-27,978-0-18-169022-1,1298
89,2025-07-18 03:02:44,2025-08-01,2025-08-09,978-1-5044-9178-5,1271
90,2025-12-04 22:38:44,2025-12-18,,978-0-502-71006-5,1186
91,2025-04-28 04:42:51,2025-05-12,2025-05-16,978-0-08-884222-8,1286
92,2025-06-23 22:54:16,2025-07-07,2025-07-08,978-1-347-60258-4,1027
93,2025-06-19 22:43:10,2025-07-03,2025-06-20,978-1-5444-7684-1,1020
94,2026-02-25 09:44:25,2026-03-11,2026-03-10,978-1-09-016929-7,1037
95,2026-01-19 22:05:34,2026-02-02,2026-02-12,978-1-72211-557-9,1105
96,2025-05-19 21:59:27,2025-06-02,,978-1-76524-558-5,1099
97,2026-03-16 03:05:01,2026-03-30,2026-04-04,978-0-690-01807-3,1203
98,2025-09-15 02:36:13,2025-09-29,2025-10-08,978-0-562-43775-9,1026
99,2025-05-16 00:13:17,2025-05-30,2025-05-27,978-0-7035-8086-3,1228
100,2026-02-22 13:59:39,2026-03-08,2026-03-06,978-1-4923-0133-2,1297
101,2025-08-31 12:30:01,2025-09-14,2025-09-13,978-0-442-01862-7,1116
102,2025-07-15 08:48:23,2025-07-29,2025-08-01,978-1-06-926938-6,1290
103,2026-01-15 04:50:19,2026-01-29,2026-02-04,978-0-7265-4611-2,1091
104,2025-12-31 22:17:31,2026-01-14,,978-1-61629-294-2,1084
105,2026-01-09 16:01:47,2026-01-23,2026-01-27,978-1-315-22887-7,1017
106,2025-10-09 15:59:15,2025-10-23,2025-10-13,978-0-556-72214-4,1214
107,2026-01-06 00:50:32,2026-01-20,2026-01-21,978-1-08-543395-2,1039
108,2026-02-08 10:49:52,2026-02-22,2026-02-27,978-1-56681-040-1,1048
109,2025-10-21 16:00:28,2025-11-04,2025-10-29,978-1-81832-007-8,1085
110,2025-12-29 09:17:39,2026-01-12,2026-01-17,978-1-4761-7278-1,1273
111,2025-12-15 21:00:31,2025-12-29,2025-12-16,978-0-16-429074-5,1027
112,2026-02-23 18:35:00,2026-03-09,2026-03-04,978-0-418-45229-5,1067
113,2025-04-27 15:43:44,2025-05-11,2025-05-21,978-1-272-64640-0,1250
114,2025-06-18 13:14:14,2025-07-02,2025-07-07,978-1-146-07882-5,1174
115,2025-07-17 04:20:05,2025-07-31,,978-0-87532-887-4,1090
116,2025-08-11 00:27:05,2025-08-25,2025-08-22,978-1-5037-8429-1,1139
117,2025-05-02 18:53:12,2025-05-16,,978-1-328-77400-2,1024
118,2025-09-01 08:02:28,2025-09-15,2025-09-20,978-0-7296-4642-0,1264
119,2025-09-18 22:21:53,2025-10-02,2025-10-11,978-0-05-423581-8,1080
120,2025-07-18 18:00:55,2025-08-01,2025-08-08,978-1-176-16533-5,1065
121,2025-05-12 17:19:08,2025-05-26,2025-05-21,978-0-7070-0549-2,1032
122,2025-06-09 13:06:58,2025-06-23,2025-06-10,978-1-07-643178-3,1283
123,2025-05-27 01:58:34,2025-06-10,2025-06-02,978-0-85213-543-3,1189
124,2025-06-12 15:01:30,2025-06-26,2025-06-18,978-0-465-47910-8,1151
125,2025-06-02 10:20:59,2025-06-16,2025-06-06,978-0-7138-2901-3,1016
126,2026-02-12 12:38:21,2026-02-26,,978-1-84812-618-3,1087
127,2025-04-02 03:22:38,2025-04-16,2025-04-27,978-1-07-287952-7,1041
128,2025-06-01 11:30:28,2025-06-15,,978-0-9546218-0-3,1041
129,2025-07-16 14:17:11,2025-07-30,,978-1-63197-015-3,1291
130,2026-01-09 14:57:45,2026-01-23,2026-01-16,978-1-70131-182-4,1203
131,2025-07-28 09:48:21,2025-08-11,2025-08-06,978-0-339-74256-7,1121
132,2026-02-16 01:14:59,2026-03-02,2026-03-05,978-0-88627-478-8,1258
133,2025-06-20 21:22:53,2025-07-04,2025-06-30,978-1-4971-4965-6,1085
134,2025-05-27 21:02:22,2025-06-10,2025-06-14,978-0-639-14232-6,1128
135,2025-12-11 10:34:48,2025-12-25,2025-12-25,978-1-4376-3101-2,1050
136,2025-08-11 05:18:12,2025-08-25,2025-09-01,978-0-666-21387-7,1042
137,2025-11-28 09:40:45,2025-12-12,2025-12-07,978-1-85437-906-1,1170
138,2025-08-27 19:14:40,2025-09-10,,978-0-19-502891-1,1184
139,2026-01-10 09:27:38,2026-01-24,2026-01-11,978-0-86136-289-9,1203
140,2026-03-13 23:52:26,2026-03-27,2026-03-26,978-0-7637-6514-9,1090
141,2025-09-29 17:59:45,2025-10-13,2025-10-22,978-0-286-91141-2,1229
142,2026-02-15 05:40:20,2026-03-01,2026-02-25,978-1-107-11617-7,1178
143,2025-10-09 00:04:15,2025-10-23,2025-10-25,978-1-62953-930-0,1040
144,2025-11-17 17:07:44,2025-12-01,,978-1-5447-8227-0,1030
145,2025-06-27 08:05:20,2025-07-11,,978-1-06-483572-2,1246
146,2025-11-17 11:13:00,2025-12-01,2025-12-08,978-1-57523-353-6,1035
147,2025-10-03 16:10:49,2025-10-17,,978-0-562-44798-7,1286
148,2026-02-08 19:13:28,2026-02-22,2026-02-20,978-0-478-93382-6,1227
149,2025-10-25 12:38:03,2025-11-08,2025-11-15,978-1-84812-618-3,1094
150,2025-09-04 11:09:33,2025-09-18,,978-0-17-940873-9,1076
151,2025-06-01 15:08:52,2025-06-15,,978-1-72263-993-8,1072
152,2025-06-21 05:55:06,2025-07-05,2025-07-06,978-1-83614-546-2,1075
153,2026-03-08 06:50:50,2026-03-22,2026-03-17,978-1-899289-66-0,1242
154,2026-01-17 02:10:54,2026-01-31,2026-01-18,978-1-350-86112-1,1281
155,2025-07-25 17:03:54,2025-08-08,,978-1-4400-1584-7,1283
156,2025-10-05 01:36:50,2025-10-19,2025-10-06,978-1-72816-394-9,1074
157,2026-03-06 04:55:20,2026-03-20,,978-0-17-575229-4,1188
158,2025-03-29 18:27:05,2025-04-12,2025-04-08,978-0-545-59342-7,1166
159,2025-05-09 18:56:12,2025-05-23,2025-05-19,978-0-18-835372-3,1065
160,2026-01-06 11:39:07,2026-01-20,,978-0-19-444821-5,1223
161,2025-10-31 19:26:54,2025-11-14,2025-11-11,978-0-564-56466-8,1017
162,2025-11-24 20:56:18,2025-12-08,2025-11-27,978-0-323-29558-1,1124
163,2026-02-12 18:19:08,2026-02-26,2026-02-17,978-0-8303-0155-3,1169
164,2025-06-25 22:08:55,2025-07-09,2025-07-20,978-1-887325-03-5,1024
165,2025-04-28 05:41:17,2025-05-12,,978-0-372-40589-4,1220
166,2025-05-19 09:10:26,2025-06-02,2025-06-06,978-0-7995-5721-3,1195
167,2025-06-26 04:51:35,2025-07-10,,978-1-06-204901-5,1248
168,2025-03-23 22:27:30,2025-04-06,2025-03-31,978-1-00-588546-5,1075
169,2026-03-06 17:12:48,2026-03-20,2026-03-08,978-0-209-80524-8,1228
170,2026-02-08 11:10:40,2026-02-22,2026-02-17,978-1-4419-4369-9,1197
171,2025-07-23 14:28:52,2025-08-06,2025-08-17,978-1-5243-7782-3,1185
172,2025-08-05 17:23:00,2025-08-19,2025-08-21,978-0-19-502891-1,1091
173,2025-11-06 02:32:58,2025-11-20,2025-11-18,978-1-155-23049-8,1005
174,2025-09-26 08:14:29,2025-10-10,2025-10-01,978-0-272-19157-6,1142
175,2025-06-06 09:52:50,2025-06-20,,978-0-7260-1731-5,1012
176,2026-03-15 19:31:24,2026-03-29,,978-1-186-92724-4,1179
177,2025-06-27 02:34:51,2025-07-11,2025-07-20,978-1-230-37794-0,1232
178,2025-04-20 20:13:42,2025-05-04,2025-04-24,978-0-03-427825-5,1179
179,2025-12-27 17:08:16,2026-01-10,2026-01-15,978-1-07-643178-3,1066
180,2025-05-21 15:55:06,2025-06-04,2025-05-28,978-1-966545-34-7,1284
181,2026-02-06 16:46:18,2026-02-20,2026-02-23,978-0-656-00695-3,1053
182,2025-04-17 21:26:00,2025-05-01,2025-04-18,978-0-8423-2936-1,1189
183,2026-01-12 17:57:19,2026-01-26,,978-0-86044-127-4,1182
184,2025-08-25 15:10:21,2025-09-08,2025-09-01,978-0-934208-08-6,1126
185,2026-01-08 06:56:13,2026-01-22,2026-01-31,978-0-914276-89-0,1035
186,2025-03-22 07:38:14,2025-04-05,,978-1-988338-38-5,1262
187,2025-03-22 02:24:58,2025-04-05,2025-04-09,978-1-183-32958-4,1213
188,2026-01-06 09:00:32,2026-01-20,2026-01-30,978-1-252-32343-7,1168
189,2025-06-22 05:48:02,2025-07-06,2025-07-12,978-0-7944-4987-2,1251
190,2025-11-14 00:23:42,2025-11-28,2025-11-19,978-1-313-07568-8,1261
191,2025-08-18 11:17:29,2025-09-01,2025-09-02,978-1-306-36917-6,1021
192,2025-05-24 06:28:29,2025-06-07,2025-06-08,978-0-02-647976-9,1123
193,2025-04-30 04:38:04,2025-05-14,2025-05-24,978-0-512-41374-1,1134
194,2025-04-21 00:07:27,2025-05-05,2025-05-08,978-1-266-12168-5,1103
195,2025-03-22 00:58:37,2025-04-05,2025-04-12,978-0-621-35398-3,1198
196,2025-11-07 22:13:58,2025-11-21,2025-11-13,978-0-378-58122-6,1124
197,2025-12-14 18:33:09,2025-12-28,2026-01-04,978-1-82236-219-4,1267
198,2025-08-07 07:32:57,2025-08-21,2025-08-16,978-1-202-07011-4,1289
199,2026-01-20 22:46:16,2026-02-03,2026-01-24,978-1-4405-6382-9,1101
200,2026-03-03 15:45:09,2026-03-17,2026-03-16,978-0-676-27201-7,1173
201,2025-05-01 09:54:24,2025-05-15,2025-05-19,978-0-8041-6163-3,1007
202,2025-06-12 03:27:27,2025-06-26,2025-07-03,978-1-135-53277-2,1001
203,2026-01-18 14:42:36,2026-02-01,2026-01-31,978-0-02-386185-7,1088
204,2026-02-01 13:05:51,2026-02-15,2026-02-24,978-1-292-80481-1,1038
205,2026-03-10 13:36:52,2026-03-24,2026-03-11,978-1-887325-03-5,1243
206,2025-03-21 04:45:40,2025-04-04,2025-04-13,978-1-142-04406-0,1096
207,2025-12-29 14:25:13,2026-01-12,2026-01-18,978-1-69886-443-3,1273
208,2025-09-18 14:31:17,2025-10-02,2025-09-28,978-0-8401-2081-6,1086
209,2025-10-10 17:55:32,2025-10-24,2025-10-28,978-0-411-01016-4,1113
210,2025-10-16 00:00:46,2025-10-30,2025-11-02,978-1-117-04889-5,1205
211,2025-09-10 05:55:53,2025-09-24,,978-0-18-169022-1,1197
212,2025-11-09 00:52:42,2025-11-23,2025-11-24,978-1-9828-2829-5,1291
213,2026-01-21 14:32:36,2026-02-04,2026-01-22,978-1-134-96307-2,1188
214,2025-08-05 19:02:50,2025-08-19,2025-08-27,978-0-539-49141-8,1069
215,2025-11-24 10:41:26,2025-12-08,2025-12-14,978-0-621-35398-3,1094
216,2025-11-22 07:47:24,2025-12-06,2025-11-23,978-1-56771-162-2,1006
217,2025-05-30 15:30:28,2025-06-13,2025-06-10,978-1-08-154609-0,1257
218,2025-10-21 12:26:15,2025-11-04,2025-10-31,978-0-473-65001-8,1039
219,2026-02-26 05:01:21,2026-03-12,2026-02-27,978-1-01-293094-3,1064
220,2025-10-22 23:16:34,2025-11-05,2025-10-28,978-1-58565-624-0,1048
221,2026-01-04 05:31:37,2026-01-18,2026-01-05,978-1-59896-030-3,1183
222,2025-05-01 18:21:19,2025-05-15,,978-0-502-66261-6,1165
223,2026-01-10 14:29:43,2026-01-24,,978-0-673-69168-2,1269
224,2025-03-20 07:30:28,2025-04-03,2025-04-14,978-1-72105-582-1,1086
225,2026-02-28 22:20:12,2026-03-14,2026-03-24,978-0-326-76827-3,1001
226,2025-05-13 05:12:14,2025-05-27,,978-0-88027-541-5,1042
227,2025-10-22 06:21:25,2025-11-05,,978-0-7033-3172-4,1266
228,2025-07-27 22:52:02,2025-08-10,,978-0-512-65845-6,1046
229,2026-03-08 23:58:39,2026-03-22,2026-03-26,978-1-117-68017-0,1150
230,2026-02-03 09:04:06,2026-02-17,2026-02-27,978-0-426-06412-1,1177
231,2025-10-14 05:06:27,2025-10-28,,978-1-56771-162-2,1143
232,2025-12-30 05:22:57,2026-01-13,2026-01-22,978-0-902132-52-8,1205
233,2025-04-07 19:10:23,2025-04-21,,978-1-05-356493-0,1082
234,2026-02-16 15:44:19,2026-03-02,,978-0-354-73377-9,1061
235,2025-06-05 21:39:59,2025-06-19,2025-06-18,978-0-591-16688-0,1231
236,2025-05-15 00:00:15,2025-05-29,2025-05-23,978-0-88064-999-5,1286
237,2025-05-16 05:25:45,2025-05-30,2025-05-26,978-1-178-46319-4,1084
238,2026-02-06 08:41:17,2026-02-20,2026-02-28,978-0-7598-4637-1,1194
239,2026-03-02 13:02:29,2026-03-16,,978-0-7302-7192-5,1070
240,2025-05-06 09:46:37,2025-05-20,,978-0-85977-009-5,1065
241,2025-06-05 16:49:22,2025-06-19,2025-06-06,978-0-7069-0368-3,1110
242,2025-05-20 16:38:46,2025-06-03,2025-06-07,978-1-71281-008-8,1103
243,2025-11-12 12:16:49,2025-11-26,2025-12-01,978-1-372-10900-3,1226
244,2026-01-15 10:12:59,2026-01-29,2026-01-23,978-1-4308-1317-0,1235
245,2026-01-07 21:20:07,2026-01-21,2026-01-21,978-1-08-154609-0,1299
246,2026-02-12 13:50:59,2026-02-26,2026-02-23,978-0-499-10560-8,1060
247,2025-04-14 03:13:48,2025-04-28,2025-05-05,978-1-62268-559-2,1118
248,2026-02-28 09:55:53,2026-03-14,,978-1-911021-81-0,1036
249,2025-04-30 06:18:36,2025-05-14,2025-05-24,978-1-182-45632-8,1211
250,2026-02-06 06:22:43,2026-02-20,2026-02-21,978-1-81875-195-7,1211
251,2025-07-17 09:52:56,2025-07-31,2025-07-20,978-1-5264-4622-0,1080
252,2025-12-28 19:21:55,2026-01-11,,978-1-134-96307-2,1095
253,2025-03-22 11:42:40,2025-04-05,2025-03-31,978-0-584-27460-8,1257
254,2025-09-07 07:48:53,2025-09-21,2025-09-10,978-0-302-47256-9,1157
255,2025-06-12 17:35:31,2025-06-26,2025-06-25,978-1-5165-6978-6,1119
256,2026-03-15 05:46:49,2026-03-29,,978-0-542-84821-6,1069
257,2025-10-04 14:48:13,2025-10-18,2025-10-20,978-1-08-026310-3,1145
258,2025-12-15 18:34:45,2025-12-29,2025-12-24,978-1-04-624444-3,1154
259,2025-09-12 13:24:51,2025-09-26,2025-09-18,978-1-241-32541-1,1002
260,2025-09-13 06:22:44,2025-09-27,2025-09-25,978-1-00-081802-4,1179
261,2025-09-08 12:59:04,2025-09-22,,978-0-9962880-6-4,1179
262,2025-03-22 04:21:11,2025-04-05,2025-03-30,978-1-269-45677-7,1104
263,2025-03-23 05:16:44,2025-04-06,,978-0-86932-204-8,1224
264,2026-02-11 06:20:43,2026-02-25,,978-0-605-25373-5,1029
265,2025-07-22 17:42:14,2025-08-05,2025-07-29,978-0-9670567-2-2,1121
266,2025-06-03 04:04:06,2025-06-17,2025-06-21,978-1-309-43321-8,1110
267,2025-09-09 11:46:44,2025-09-23,2025-09-16,978-1-00-571367-6,1022
268,2025-08-15 14:14:30,2025-08-29,2025-09-06,978-0-9943031-3-4,1142
269,2025-10-27 01:23:53,2025-11-10,2025-11-01,978-0-486-34141-5,1155
270,2026-03-18 12:29:39,2026-04-01,2026-03-27,978-1-360-62682-6,1018
271,2025-11-03 07:25:57,2025-11-17,2025-11-12,978-0-397-22394-7,1164
272,2025-09-30 05:58:01,2025-10-14,,978-1-69700-268-3,1041
273,2025-05-24 17:51:11,2025-06-07,2025-06-08,978-1-956894-59-2,1231
274,2025-04-08 21:11:27,2025-04-22,2025-04-26,978-0-528-82535-4,1297
275,2025-09-28 23:18:18,2025-10-12,2025-10-10,978-0-7143-0221-8,1164
276,2025-06-22 10:12:36,2025-07-06,,978-1-134-96307-2,1137
277,2025-12-23 07:22:00,2026-01-06,2026-01-11,978-1-07-903408-0,1012
278,2025-06-05 00:40:08,2025-06-19,2025-06-15,978-0-87647-037-4,1186
279,2025-06-20 22:08:12,2025-07-04,2025-07-12,978-1-252-61619-5,1188
280,2025-11-17 04:02:47,2025-12-01,2025-12-08,978-1-69886-443-3,1026
281,2025-07-17 09:41:25,2025-07-31,2025-08-10,978-1-74081-458-4,1135
282,2025-03-31 18:29:22,2025-04-14,,978-0-08-330340-3,1226
283,2025-11-04 10:57:58,2025-11-18,2025-11-27,978-1-301-39410-4,1147
284,2025-08-12 14:23:43,2025-08-26,,978-1-80876-622-0,1292
285,2025-11-27 21:25:08,2025-12-11,2025-12-05,978-0-536-23412-4,1273
286,2025-09-07 17:13:35,2025-09-21,2025-09-08,978-1-61131-889-0,1136
287,2025-05-25 16:42:29,2025-06-08,2025-06-19,978-1-61131-889-0,1225
288,2025-07-27 15:54:36,2025-08-10,,978-0-311-00397-6,1219
289,2025-05-25 02:21:00,2025-06-08,2025-06-07,978-0-05-481024-4,1123
290,2026-03-10 23:51:41,2026-03-24,2026-04-01,978-0-02-613653-2,1155
291,2025-09-22 17:38:05,2025-10-06,2025-10-16,978-1-922443-10-6,1083
292,2025-12-19 23:49:30,2026-01-02,2026-01-03,978-1-4767-6526-6,1059
293,2025-06-10 03:53:41,2025-06-24,2025-06-23,978-0-02-554859-6,1021
294,2025-04-19 23:06:39,2025-05-03,,978-1-60485-106-9,1288
295,2025-11-05 02:35:46,2025-11-19,2025-11-18,978-1-4987-5595-5,1128
296,2026-02-05 10:41:17,2026-02-19,2026-02-15,978-0-328-46172-1,1136
297,2026-03-19 16:14:11,2026-04-02,2026-04-01,978-0-8097-6718-2,1229
298,2025-12-05 05:30:44,2025-12-19,2025-12-19,978-1-73172-210-2,1150
299,2026-01-04 22:34:45,2026-01-18,2026-01-27,978-1-381-05727-2,1228
300,2026-02-28 04:29:48,2026-03-14,,978-0-676-27201-7,1007
301,2026-01-20 16:41:05,2026-02-03,2026-02-13,978-1-914591-93-8,1272
302,2025-11-25 23:52:58,2025-12-09,2025-12-16,978-1-176-41534-8,1213
303,2025-06-09 19:25:36,2025-06-23,2025-06-30,978-1-340-55763-8,1072
304,2025-09-24 16:46:38,2025-10-08,2025-09-29,978-0-86851-940-1,1059
305,2025-10-02 00:48:13,2025-10-16,2025-10-17,978-0-536-97616-1,1114
306,2026-01-08 13:21:14,2026-01-22,2026-02-02,978-0-627-53196-5,1124
307,2025-07-19 13:47:18,2025-08-02,2025-07-21,978-1-102-21288-1,1150
308,2026-01-10 10:59:02,2026-01-24,,978-1-372-95663-8,1095
309,2025-09-16 22:52:25,2025-09-30,2025-09-26,978-0-7483-9484-5,1269
310,2025-08-29 10:44:08,2025-09-12,,978-1-85568-405-8,1222
311,2025-10-12 11:48:25,2025-10-26,2025-10-18,978-1-4231-9763-8,1262
312,2025-11-17 05:48:45,2025-12-01,2025-12-09,978-0-300-34417-2,1146
313,2025-12-22 02:51:54,2026-01-05,2025-12-27,978-0-01-689951-5,1210
314,2025-11-28 14:45:45,2025-12-12,2025-12-08,978-0-09-746334-6,1052
315,2026-01-16 16:06:16,2026-01-30,2026-01-18,978-1-374-65558-4,1082
316,2025-11-08 17:57:57,2025-11-22,2025-12-01,978-0-294-07792-6,1137
317,2025-08-24 06:48:21,2025-09-07,2025-08-28,978-1-353-41093-7,1194
318,2025-06-18 15:22:35,2025-07-02,2025-07-09,978-1-73199-108-9,1162
319,2026-02-26 23:04:24,2026-03-12,2026-03-19,978-1-884692-58-1,1011
320,2025-11-25 21:31:14,2025-12-09,2025-12-18,978-0-365-75055-0,1044
321,2025-11-05 17:37:54,2025-11-19,2025-11-30,978-0-253-84385-2,1274
322,2025-05-15 10:10:32,2025-05-29,2025-05-20,978-1-60346-423-9,1084
323,2026-02-18 22:20:59,2026-03-04,2026-02-20,978-1-74705-172-2,1206
324,2025-11-26 01:00:23,2025-12-10,,978-0-446-22311-9,1215
325,2026-02-10 21:50:28,2026-02-24,2026-02-28,978-1-197-96586-0,1227
326,2026-02-07 18:43:57,2026-02-21,2026-02-16,978-1-988338-38-5,1052
327,2026-01-08 14:50:40,2026-01-22,,978-0-06-969744-1,1151
328,2025-04-23 20:49:57,2025-05-07,2025-05-05,978-1-7334275-2-4,1077
329,2025-08-11 18:52:18,2025-08-25,2025-09-02,978-0-253-84537-5,1098
330,2025-06-16 04:00:53,2025-06-30,2025-06-19,978-0-02-404632-1,1262
331,2025-10-23 22:27:49,2025-11-06,,978-0-372-40589-4,1220
332,2025-10-03 21:20:56,2025-10-17,2025-10-09,978-1-07-643178-3,1015
333,2025-08-20 03:01:25,2025-09-03,2025-08-21,978-1-75074-199-3,1241
334,2026-02-11 21:48:28,2026-02-25,2026-02-17,978-0-604-09575-6,1062
335,2025-11-13 09:26:27,2025-11-27,,978-1-108-43743-1,1064
336,2025-04-15 13:03:57,2025-04-29,2025-05-01,978-1-7352431-5-3,1010
337,2025-09-23 14:50:51,2025-10-07,2025-09-29,978-1-72255-442-2,1162
338,2025-12-26 01:16:27,2026-01-09,2026-01-05,978-0-605-25373-5,1238
339,2025-07-15 11:05:30,2025-07-29,2025-07-20,978-0-200-63033-7,1074
340,2025-06-22 14:55:51,2025-07-06,2025-07-05,978-1-923322-24-0,1088
341,2025-03-20 15:15:14,2025-04-03,2025-03-24,978-1-05-284010-3,1119
342,2026-03-14 23:21:18,2026-03-28,2026-03-22,978-1-256-69122-8,1106
343,2025-11-02 15:44:56,2025-11-16,2025-11-17,978-0-664-47497-3,1292
344,2026-01-30 13:06:42,2026-02-13,,978-0-9666711-8-6,1148
345,2025-10-23 01:51:24,2025-11-06,2025-11-06,978-1-359-75989-4,1094
346,2025-12-25 20:04:45,2026-01-08,2025-12-27,978-0-395-24851-5,1255
347,2026-01-15 15:29:07,2026-01-29,2026-02-08,978-1-60544-043-9,1096
348,2026-03-08 06:15:58,2026-03-22,2026-03-17,978-0-433-03479-7,1268
349,2025-11-28 16:52:00,2025-12-12,2025-12-02,978-1-910087-18-3,1037
350,2025-04-18 00:28:58,2025-05-02,2025-04-30,978-0-9864760-7-5,1206
351,2025-08-12 14:35:44,2025-08-26,2025-09-03,978-0-512-65845-6,1019
352,2025-04-06 11:25:43,2025-04-20,2025-05-01,978-0-569-74028-9,1048
353,2025-08-21 16:00:46,2025-09-04,2025-08-26,978-1-7398441-5-8,1299
354,2025-07-11 02:25:45,2025-07-25,2025-08-02,978-0-590-32396-3,1276
355,2025-06-25 05:01:08,2025-07-09,2025-07-18,978-0-9738138-3-8,1260
356,2025-06-17 06:22:43,2025-07-01,2025-06-21,978-0-547-36665-4,1228
357,2026-01-14 06:03:13,2026-01-28,2026-01-16,978-1-59789-909-3,1214
358,2025-08-03 00:04:29,2025-08-17,2025-08-22,978-0-11-183467-1,1011
359,2026-01-27 13:58:40,2026-02-10,,978-1-80876-622-0,1022
360,2025-08-10 19:38:21,2025-08-24,2025-09-03,978-1-76541-187-4,1231
361,2025-06-24 15:44:58,2025-07-08,2025-07-04,978-0-372-23242-1,1171
362,2025-07-17 16:13:24,2025-07-31,2025-07-31,978-0-05-313425-9,1053
363,2025-10-02 13:13:57,2025-10-16,2025-10-15,978-0-478-20193-2,1112
364,2025-12-21 09:42:16,2026-01-04,2026-01-06,978-0-01-675362-6,1195
365,2025-07-21 09:22:15,2025-08-04,,978-1-247-27279-5,1292
366,2025-05-19 16:39:49,2025-06-02,,978-0-505-33248-6,1056
367,2025-04-21 13:19:26,2025-05-05,2025-05-03,978-0-338-75068-6,1223
368,2025-09-24 21:26:28,2025-10-08,2025-09-29,978-1-09-539664-3,1133
369,2025-04-03 18:04:31,2025-04-17,2025-04-11,978-0-940805-09-5,1109
370,2025-10-10 21:49:45,2025-10-24,2025-10-16,978-0-604-09575-6,1244
371,2025-12-03 11:31:22,2025-12-17,2025-12-26,978-1-936174-99-7,1068
372,2025-03-24 22:36:04,2025-04-07,2025-03-26,978-1-156-35946-4,1025
373,2025-05-17 03:39:34,2025-05-31,2025-05-20,978-0-478-20193-2,1186
374,2025-06-29 18:50:08,2025-07-13,,978-0-05-835704-2,1042
375,2025-04-27 03:29:17,2025-05-11,2025-05-05,978-1-56197-478-8,1080
376,2026-01-29 13:23:21,2026-02-12,2026-02-06,978-1-60346-423-9,1251
377,2025-12-09 21:55:46,2025-12-23,2025-12-14,978-1-272-22746-3,1074
378,2025-07-23 09:51:12,2025-08-06,2025-08-13,978-1-134-00941-1,1039
379,2025-12-07 19:06:42,2025-12-21,,978-1-5106-7201-7,1266
380,2026-01-10 13:40:23,2026-01-24,2026-01-22,978-0-387-85650-6,1021
381,2025-07-01 04:47:01,2025-07-15,2025-07-02,978-0-7758-3095-8,1048
382,2025-05-23 18:40:34,2025-06-06,2025-06-09,978-0-919877-16-0,1072
383,2025-04-03 17:22:01,2025-04-17,2025-04-23,978-0-510-23738-7,1217
384,2025-04-09 08:28:01,2025-04-23,,978-0-468-59310-8,1189
385,2025-04-28 17:35:47,2025-05-12,,978-0-516-13978-4,1231
386,2025-08-25 19:32:21,2025-09-08,2025-08-29,978-1-69177-854-6,1173
387,2025-08-15 12:48:28,2025-08-29,2025-08-26,978-1-62991-261-5,1213
388,2025-08-06 18:49:02,2025-08-20,,978-1-05-314162-9,1091
389,2025-10-13 01:18:28,2025-10-27,,978-0-89764-179-1,1012
390,2025-07-30 16:41:02,2025-08-13,2025-08-21,978-1-69972-286-2,1080
391,2025-09-03 18:08:25,2025-09-17,2025-09-08,978-1-07-155612-2,1223
392,2025-10-20 07:36:20,2025-11-03,2025-10-31,978-1-83686-860-6,1102
393,2025-06-18 05:19:37,2025-07-02,2025-07-11,978-1-4771-0245-9,1138
394,2025-05-08 00:48:06,2025-05-22,,978-1-62834-544-5,1214
395,2025-09-29 09:03:24,2025-10-13,2025-10-21,978-1-83960-689-2,1003
396,2026-02-13 15:01:12,2026-02-27,2026-02-27,978-0-577-40722-8,1070
397,2025-07-03 15:44:02,2025-07-17,2025-07-10,978-0-946488-03-2,1033
398,2025-06-29 07:37:16,2025-07-13,2025-07-01,978-0-421-96307-8,1157
399,2025-03-30 15:06:54,2025-04-13,2025-04-05,978-1-248-92103-6,1054
400,2025-08-20 03:10:50,2025-09-03,2025-09-10,978-1-100-02311-3,1249
401,2025-07-04 05:07:11,2025-07-18,2025-07-15,978-1-82221-297-0,1029
402,2025-04-27 04:38:00,2025-05-11,2025-05-05,978-1-55721-090-6,1070
403,2025-09-03 12:25:26,2025-09-17,2025-09-26,978-1-5062-1103-9,1198
404,2025-12-21 14:15:36,2026-01-04,2025-12-30,978-0-247-47930-2,1238
405,2026-01-14 18:54:25,2026-01-28,,978-0-495-27680-7,1248
406,2025-11-02 07:15:58,2025-11-16,2025-11-06,978-0-452-04804-1,1292
407,2026-01-30 21:39:05,2026-02-13,,978-0-7069-0368-3,1139
408,2025-05-02 15:33:38,2025-05-16,2025-05-22,978-0-249-45511-3,1141
409,2025-07-06 10:47:55,2025-07-20,2025-07-26,978-0-13-928688-9,1274
410,2025-03-25 01:31:28,2025-04-08,2025-04-15,978-1-56771-162-2,1202
411,2025-04-26 03:59:44,2025-05-10,2025-05-08,978-0-86808-091-8,1005
412,2025-12-20 09:51:06,2026-01-03,2026-01-09,978-1-85291-901-6,1284
413,2025-07-25 07:54:15,2025-08-08,,978-1-69990-333-9,1270
414,2025-12-07 11:55:37,2025-12-21,2025-12-25,978-0-585-18554-5,1176
415,2026-01-17 00:01:20,2026-01-31,,978-0-09-595092-3,1288
416,2025-07-13 19:41:45,2025-07-27,,978-1-55179-029-9,1214
417,2025-12-23 19:08:58,2026-01-06,2026-01-04,978-1-399-67390-7,1176
418,2025-04-15 12:07:58,2025-04-29,2025-04-18,978-1-4409-9367-1,1123
419,2025-12-21 03:17:10,2026-01-04,2026-01-14,978-0-392-84165-8,1119
420,2025-11-10 05:32:19,2025-11-24,2025-12-01,978-0-419-87780-6,1181
421,2025-08-24 09:07:23,2025-09-07,2025-08-30,978-0-8103-6018-1,1027
422,2025-11-28 22:00:16,2025-12-12,,978-1-5116-7023-4,1137
423,2026-03-03 12:01:22,2026-03-17,2026-03-19,978-0-442-00553-5,1001
424,2025-08-10 06:43:39,2025-08-24,2025-08-21,978-1-60473-244-3,1007
425,2025-12-02 00:15:18,2025-12-16,2025-12-08,978-0-7296-4642-0,1291
426,2025-04-19 21:41:56,2025-05-03,,978-1-70131-182-4,1110
427,2025-08-14 18:55:56,2025-08-28,2025-08-22,978-0-518-34126-0,1154
428,2025-03-31 10:25:01,2025-04-14,,978-1-81832-007-8,1166
429,2025-06-26 13:48:32,2025-07-10,,978-0-229-71122-2,1161
430,2025-05-14 18:48:35,2025-05-28,2025-05-16,978-0-584-27460-8,1200
431,2026-01-11 20:30:41,2026-01-25,2026-01-25,978-0-569-74028-9,1042
432,2025-09-25 01:42:45,2025-10-09,2025-10-06,978-1-60045-243-7,1168
433,2025-10-05 04:39:16,2025-10-19,2025-10-24,978-1-80673-653-9,1001
434,2026-01-24 11:18:18,2026-02-07,,978-0-372-23242-1,1206
435,2025-05-16 17:27:21,2025-05-30,,978-0-442-71388-1,1231
436,2025-07-21 13:47:29,2025-08-04,2025-08-13,978-0-919589-36-0,1166
437,2025-12-29 20:48:37,2026-01-12,2026-01-04,978-1-4487-0255-8,1188
438,2025-12-21 19:16:49,2026-01-04,2026-01-01,978-0-650-19565-3,1001
439,2025-04-10 16:39:07,2025-04-24,2025-04-17,978-1-943616-82-4,1079
440,2026-01-27 22:20:14,2026-02-10,2026-01-30,978-0-200-63033-7,1149
441,2025-06-23 10:55:18,2025-07-07,2025-06-28,978-0-286-91141-2,1174
442,2026-02-03 05:19:25,2026-02-17,,978-1-5189-0729-6,1258
443,2025-07-16 21:29:54,2025-07-30,2025-07-31,978-0-7317-9297-9,1217
444,2025-07-06 12:05:12,2025-07-20,,978-0-526-28075-9,1252
445,2025-05-19 20:14:26,2025-06-02,2025-05-24,978-1-197-96586-0,1194
446,2026-01-15 05:41:17,2026-01-29,2026-02-05,978-1-259-69514-8,1185
447,2025-06-13 07:55:23,2025-06-27,,978-1-74275-271-6,1189
448,2026-01-07 15:54:48,2026-01-21,2026-01-11,978-0-232-61607-1,1137
449,2025-11-13 17:55:31,2025-11-27,,978-0-405-98475-4,1036
450,2025-08-19 02:21:03,2025-09-02,2025-09-04,978-0-12-802024-1,1130
451,2025-10-04 00:09:26,2025-10-18,2025-10-25,978-0-465-54284-0,1293
452,2026-01-04 02:07:52,2026-01-18,2026-01-08,978-0-01-145862-5,1266
453,2025-12-15 18:22:51,2025-12-29,2026-01-03,978-1-4174-0449-0,1284
454,2025-03-28 23:23:07,2025-04-11,2025-04-07,978-1-874291-95-4,1162
455,2025-06-12 20:43:27,2025-06-26,2025-06-29,978-1-84049-458-7,1055
456,2025-11-02 00:06:27,2025-11-16,2025-11-23,978-1-68026-243-8,1007
457,2025-07-13 21:03:04,2025-07-27,2025-08-04,978-1-910087-18-3,1144
458,2025-05-03 07:12:08,2025-05-17,2025-05-07,978-1-4641-4274-1,1050
459,2025-12-18 05:10:51,2026-01-01,2025-12-29,978-1-339-45565-5,1239
460,2025-06-09 21:29:58,2025-06-23,2025-06-18,978-1-910510-62-9,1154
461,2025-06-21 00:53:57,2025-07-05,2025-07-11,978-1-877883-69-9,1133
462,2026-02-15 17:29:47,2026-03-01,,978-1-887772-05-1,1088
463,2025-12-07 18:56:51,2025-12-21,,978-0-8030-9725-4,1043
464,2025-03-28 20:06:26,2025-04-11,2025-04-22,978-0-281-60391-6,1238
465,2025-08-29 16:41:59,2025-09-12,,978-0-270-84345-3,1114
466,2026-01-30 23:24:13,2026-02-13,,978-1-356-48973-2,1198
467,2025-08-21 10:52:04,2025-09-04,,978-1-03-163776-2,1053
468,2025-12-30 22:48:28,2026-01-13,2026-01-05,978-1-212-56596-9,1144
469,2025-08-08 17:44:02,2025-08-22,2025-08-28,978-1-929248-31-5,1266
470,2026-02-22 06:50:23,2026-03-08,2026-03-06,978-0-269-75664-1,1132
471,2026-01-05 22:15:54,2026-01-19,,978-1-06-204901-5,1112
472,2025-06-27 22:24:52,2025-07-11,2025-07-17,978-0-919877-16-0,1141
473,2026-01-30 15:11:41,2026-02-13,2026-02-23,978-1-158-29152-6,1221
474,2025-12-17 08:51:43,2025-12-31,2025-12-31,978-0-214-10103-8,1098
475,2025-06-19 03:37:10,2025-07-03,2025-06-26,978-1-4336-7280-4,1041
476,2025-07-15 15:36:13,2025-07-29,2025-07-22,978-1-970869-43-9,1236
477,2025-11-01 16:28:53,2025-11-15,2025-11-02,978-0-17-157617-7,1118
478,2025-05-18 05:34:22,2025-06-01,,978-1-877883-69-9,1167
479,2025-12-18 00:24:33,2026-01-01,,978-1-957392-49-3,1224
480,2025-04-24 21:08:57,2025-05-08,2025-05-03,978-1-66007-125-8,1253
481,2025-05-08 19:46:43,2025-05-22,,978-0-7981-8203-4,1198
482,2025-06-09 06:48:05,2025-06-23,2025-06-30,978-0-397-01239-8,1218
483,2025-11-15 14:08:46,2025-11-29,2025-11-19,978-0-486-34141-5,1119
484,2025-03-31 01:51:12,2025-04-14,2025-04-19,978-1-82221-297-0,1263
485,2025-12-04 12:41:20,2025-12-18,2025-12-17,978-1-380-55154-2,1046
486,2025-06-22 14:54:51,2025-07-06,2025-07-07,978-1-365-06483-8,1070
487,2025-03-23 10:42:51,2025-04-06,,978-0-17-416881-2,1058
488,2025-11-04 12:05:45,2025-11-18,2025-11-20,978-0-643-75834-6,1012
489,2025-06-10 22:02:01,2025-06-24,2025-06-11,978-1-72822-669-9,1228
490,2025-11-02 17:45:24,2025-11-16,2025-11-16,978-0-400-88501-8,1139
491,2025-11-02 05:15:28,2025-11-16,2025-11-14,978-0-06-969744-1,1080
492,2026-02-13 23:17:50,2026-02-27,2026-02-24,978-1-248-92103-6,1286
493,2025-12-23 23:53:12,2026-01-06,2026-01-01,978-0-398-45028-1,1086
494,2025-11-15 06:49:37,2025-11-29,2025-11-21,978-0-89214-000-8,1235
495,2025-07-27 01:36:17,2025-08-10,2025-08-04,978-1-893146-23-5,1289
496,2025-06-02 19:23:29,2025-06-16,2025-06-03,978-0-910222-44-0,1226
497,2025-11-12 14:24:08,2025-11-26,,978-1-5193-3047-5,1247
498,2025-07-27 05:49:13,2025-08-10,,978-1-241-97159-5,1100
499,2025-07-20 06:41:58,2025-08-03,2025-08-10,978-0-634-92672-3,1282
500,2025-12-15 09:58:44,2025-12-29,2026-01-05,978-1-84812-618-3,1249
501,2025-08-07 19:22:00,2025-08-21,2025-08-23,978-0-08-595236-4,1127
502,2025-07-26 00:35:59,2025-08-09,,978-0-510-23738-7,1142
503,2025-07-10 16:55:15,2025-07-24,2025-07-16,978-1-56102-915-0,1037
504,2025-09-06 21:56:00,2025-09-20,,978-1-290-34182-0,1103
505,2025-09-25 05:57:17,2025-10-09,2025-10-12,978-0-596-94623-4,1264
506,2025-12-11 08:02:51,2025-12-25,2026-01-02,978-0-01-607282-6,1154
507,2025-04-28 01:15:52,2025-05-12,2025-05-15,978-1-5347-1587-5,1171
508,2025-08-11 04:39:47,2025-08-25,,978-0-205-51008-5,1215
509,2025-12-23 22:18:25,2026-01-06,2026-01-15,978-0-09-265088-8,1120
510,2026-01-30 23:50:13,2026-02-13,2026-02-10,978-1-4319-8713-9,1039
511,2025-08-26 02:56:08,2025-09-09,2025-09-05,978-0-10-292805-1,1150
512,2026-01-23 13:13:24,2026-02-06,2026-01-24,978-0-430-82676-0,1201
513,2025-06-17 23:06:14,2025-07-01,2025-06-22,978-0-519-69182-1,1143
514,2025-05-21 01:05:59,2025-06-04,2025-05-23,978-0-475-79086-6,1190
515,2025-12-24 18:23:51,2026-01-07,2026-01-06,978-1-371-84000-6,1199
516,2025-05-25 20:51:02,2025-06-08,2025-06-18,978-0-411-97887-7,1182
517,2025-08-26 04:29:46,2025-09-09,,978-1-59512-178-3,1267
518,2026-03-19 05:32:02,2026-04-02,2026-03-30,978-0-89214-000-8,1134
519,2026-01-21 22:43:50,2026-02-04,,978-1-75883-986-9,1234
520,2025-10-26 19:34:56,2025-11-09,2025-11-07,978-0-575-58910-0,1157
521,2025-08-07 12:45:34,2025-08-21,2025-08-17,978-0-87104-984-1,1131
522,2025-10-30 12:07:03,2025-11-13,2025-11-05,978-0-919589-36-0,1129
523,2026-02-22 06:08:18,2026-03-08,2026-03-13,978-0-378-27870-6,1041
524,2025-05-20 01:45:43,2025-06-03,2025-06-10,978-1-4423-6272-7,1205
525,2025-09-17 10:01:51,2025-10-01,2025-10-10,978-1-5241-8292-2,1172
526,2025-11-28 06:54:00,2025-12-12,2025-12-19,978-1-4234-9662-5,1219
527,2025-12-25 09:05:04,2026-01-08,2025-12-29,978-0-564-36759-7,1179
528,2025-12-21 18:55:34,2026-01-04,,978-0-16-008062-3,1288
529,2025-09-05 05:31:17,2025-09-19,,978-1-72446-459-0,1048
530,2025-08-13 09:38:20,2025-08-27,2025-09-01,978-1-925940-28-2,1155
531,2025-12-04 22:51:28,2025-12-18,2025-12-28,978-0-560-76734-6,1060
532,2025-06-10 01:53:48,2025-06-24,2025-06-13,978-1-5296-6198-9,1266
533,2025-06-04 04:46:06,2025-06-18,2025-06-26,978-0-14-818690-3,1180
534,2025-10-09 15:45:34,2025-10-23,,978-1-57885-468-4,1155
535,2025-09-12 11:49:36,2025-09-26,2025-10-04,978-1-61859-893-6,1122
536,2025-12-18 09:06:18,2026-01-01,2025-12-23,978-0-17-267590-9,1090
537,2025-07-15 08:07:44,2025-07-29,2025-07-19,978-0-676-89310-6,1297
538,2025-09-12 13:23:01,2025-09-26,,978-1-279-57616-8,1242
539,2025-10-20 12:51:16,2025-11-03,2025-10-29,978-1-72384-422-5,1094
540,2025-04-24 05:30:57,2025-05-08,2025-05-13,978-0-02-554859-6,1211
541,2025-05-12 04:52:43,2025-05-26,2025-05-14,978-0-9636106-1-4,1058
542,2025-03-29 18:06:48,2025-04-12,,978-0-447-19169-1,1051
543,2025-12-17 00:37:23,2025-12-31,,978-0-9505828-0-1,1170
544,2025-10-30 04:56:08,2025-11-13,2025-11-04,978-0-287-32729-8,1276
545,2026-01-31 01:45:38,2026-02-14,2026-02-20,978-1-972405-70-3,1070
546,2025-04-19 14:40:35,2025-05-03,2025-04-28,978-1-9751-4469-2,1214
547,2025-04-08 15:03:51,2025-04-22,2025-04-10,978-0-7434-3022-7,1217
548,2025-12-07 08:17:12,2025-12-21,2025-12-12,978-1-80103-704-4,1173
549,2025-10-18 16:32:09,2025-11-01,,978-0-221-31128-4,1276
550,2025-06-15 22:14:02,2025-06-29,,978-0-18-240952-5,1196
551,2026-03-05 02:23:21,2026-03-19,2026-03-24,978-0-8244-1130-5,1161
552,2025-03-27 00:26:47,2025-04-10,,978-0-939453-62-7,1044
553,2025-10-23 13:40:28,2025-11-06,2025-10-25,978-1-4090-5791-8,1256
554,2025-11-19 09:21:26,2025-12-03,2025-11-30,978-1-102-21288-1,1024
555,2025-04-19 15:34:34,2025-05-03,,978-1-105-39394-5,1071
556,2025-08-27 19:10:08,2025-09-10,2025-08-29,978-1-69886-443-3,1285
557,2025-04-09 19:35:33,2025-04-23,2025-04-28,978-0-423-13696-8,1192
558,2025-09-27 18:55:36,2025-10-11,2025-10-01,978-1-01-763387-0,1272
559,2026-02-20 05:02:31,2026-03-06,2026-03-10,978-1-85000-638-1,1135
560,2025-06-09 20:29:43,2025-06-23,2025-07-01,978-0-18-266536-5,1256
561,2025-10-11 11:18:24,2025-10-25,2025-11-01,978-0-7269-1509-3,1069
562,2025-12-26 18:01:37,2026-01-09,2026-01-17,978-1-71616-614-3,1254
563,2025-05-10 16:51:41,2025-05-24,,978-1-905654-37-6,1078
564,2025-07-23 01:27:48,2025-08-06,2025-08-01,978-1-4283-4635-2,1258
565,2025-06-17 15:34:30,2025-07-01,2025-07-12,978-0-504-05983-4,1047
566,2025-04-21 01:27:45,2025-05-05,2025-05-10,978-0-516-69713-0,1254
567,2025-12-17 14:09:06,2025-12-31,,978-1-84766-924-7,1024
568,2026-01-01 02:43:52,2026-01-15,2026-01-02,978-0-474-79596-1,1233
569,2025-08-01 00:08:47,2025-08-15,2025-08-10,978-0-634-97473-1,1214
570,2025-10-05 17:53:39,2025-10-19,2025-10-12,978-0-544-20387-7,1121
571,2026-02-15 05:06:14,2026-03-01,2026-02-19,978-1-5336-4293-6,1013
572,2025-09-05 06:04:52,2025-09-19,2025-09-30,978-0-7138-2901-3,1054
573,2025-12-25 19:56:55,2026-01-08,2025-12-29,978-1-75493-874-0,1157
574,2025-06-24 23:54:50,2025-07-08,,978-0-395-24851-5,1276
575,2026-03-02 06:26:05,2026-03-16,,978-1-334-05498-3,1015
576,2026-02-17 13:31:45,2026-03-03,2026-03-05,978-0-932235-75-6,1196
577,2025-08-27 23:19:30,2025-09-10,2025-09-02,978-1-81712-624-4,1106
578,2025-05-08 17:31:32,2025-05-22,2025-05-24,978-0-7001-7807-0,1227
579,2025-07-25 16:52:01,2025-08-08,,978-0-574-88148-9,1076
580,2025-11-16 01:52:51,2025-11-30,2025-12-01,978-0-08-705964-1,1098
581,2025-06-15 18:16:45,2025-06-29,2025-07-07,978-0-9762299-5-7,1143
582,2025-05-11 07:01:21,2025-05-25,,978-1-4369-3853-2,1112
583,2025-09-05 12:01:26,2025-09-19,2025-09-17,978-0-19-223357-8,1037
584,2025-06-25 14:26:25,2025-07-09,2025-07-20,978-1-363-78265-9,1002
585,2025-06-19 10:00:39,2025-07-03,2025-07-07,978-0-7355-7009-2,1101
586,2025-10-18 20:54:23,2025-11-01,2025-10-29,978-0-11-947155-7,1097
587,2025-09-13 14:15:52,2025-09-27,,978-1-08-152034-2,1263
588,2026-02-07 10:31:21,2026-02-21,2026-02-24,978-1-356-48973-2,1086
589,2026-03-16 21:13:25,2026-03-30,,978-0-05-292493-6,1260
590,2026-02-21 20:18:52,2026-03-07,2026-02-23,978-0-7260-1731-5,1121
591,2025-07-04 06:18:20,2025-07-18,,978-1-83960-689-2,1134
592,2025-12-04 08:31:21,2025-12-18,2025-12-08,978-1-283-81270-2,1042
593,2025-06-08 04:31:52,2025-06-22,2025-06-20,978-0-85088-952-9,1263
594,2026-03-05 18:00:24,2026-03-19,,978-0-336-57321-8,1282
595,2026-01-27 18:52:58,2026-02-10,2026-01-28,978-0-683-47659-0,1286
596,2025-06-10 06:14:20,2025-06-24,,978-0-663-82105-1,1144
597,2025-07-28 19:43:09,2025-08-11,,978-0-312-65760-4,1192
598,2025-07-10 07:25:00,2025-07-24,2025-08-02,978-1-62953-930-0,1193
599,2026-03-10 13:42:59,2026-03-24,2026-03-25,978-1-62513-061-7,1127
600,2025-07-23 15:33:06,2025-08-06,2025-08-11,978-1-124-64597-1,1251
601,2025-07-12 20:24:23,2025-07-26,2025-07-13,978-1-383-64935-2,1056
602,2025-09-03 18:33:54,2025-09-17,2025-09-16,978-1-260-09962-1,1151
603,2026-01-01 03:51:07,2026-01-15,,978-0-7003-4598-4,1297
604,2026-03-12 08:16:20,2026-03-26,2026-03-20,978-0-9690185-3-7,1207
605,2025-05-31 07:25:15,2025-06-14,2025-06-05,978-0-294-81933-5,1088
606,2025-10-20 15:59:54,2025-11-03,2025-10-27,978-1-04-624444-3,1174
607,2026-03-09 19:57:38,2026-03-23,2026-03-22,978-1-190-22699-9,1039
608,2025-05-31 06:01:20,2025-06-14,,978-0-619-75466-2,1117
609,2025-12-07 23:55:53,2025-12-21,,978-1-337-87604-9,1254
610,2025-04-16 17:47:21,2025-04-30,2025-05-02,978-1-4854-9033-3,1055
611,2026-03-05 12:53:26,2026-03-19,2026-03-14,978-1-301-78724-1,1034
612,2025-06-13 02:33:20,2025-06-27,2025-07-01,978-0-585-23956-9,1072
613,2026-02-08 12:30:35,2026-02-22,2026-02-18,978-0-09-746334-6,1009
614,2025-11-10 01:01:00,2025-11-24,,978-1-03-163490-7,1228
615,2026-01-16 12:22:48,2026-01-30,2026-02-07,978-0-282-12395-6,1223
616,2025-04-13 10:55:21,2025-04-27,2025-04-17,978-0-660-61522-6,1214
617,2025-10-30 06:51:21,2025-11-13,2025-11-09,978-1-267-12793-8,1066
618,2025-03-21 02:44:36,2025-04-04,2025-03-22,978-0-426-06412-1,1118
619,2025-04-29 19:40:16,2025-05-13,2025-05-09,978-0-19-875327-8,1209
620,2025-08-20 05:20:38,2025-09-03,2025-09-14,978-1-372-22092-0,1093
621,2025-04-19 07:37:08,2025-05-03,2025-05-14,978-0-528-82535-4,1020
622,2025-06-26 02:47:57,2025-07-10,2025-07-16,978-1-74081-458-4,1295
623,2025-11-19 12:24:03,2025-12-03,2025-11-29,978-1-4423-6272-7,1127
624,2025-08-15 00:33:14,2025-08-29,2025-08-28,978-1-957269-14-6,1076
625,2025-06-17 09:18:29,2025-07-01,2025-07-12,978-0-89618-736-8,1077
626,2025-10-05 22:37:21,2025-10-19,2025-10-11,978-0-7258-3719-8,1270
627,2025-04-01 02:16:35,2025-04-15,2025-04-15,978-0-478-93382-6,1272
628,2025-11-16 20:52:12,2025-11-30,2025-11-30,978-0-340-58301-2,1075
629,2025-12-14 16:43:34,2025-12-28,2025-12-22,978-0-8068-5620-9,1162
630,2025-07-06 08:58:57,2025-07-20,,978-0-580-38038-9,1147
631,2026-02-25 16:17:52,2026-03-11,2026-03-16,978-1-86614-750-4,1204
632,2025-10-06 18:00:14,2025-10-20,2025-10-19,978-1-173-52232-2,1081
633,2025-08-16 23:45:31,2025-08-30,2025-08-22,978-0-7920-9297-1,1121
634,2025-09-13 05:50:06,2025-09-27,2025-09-25,978-1-73149-875-5,1104
635,2025-08-02 07:03:02,2025-08-16,,978-1-75639-092-8,1118
636,2025-05-26 12:28:17,2025-06-09,2025-06-10,978-1-379-98388-0,1179
637,2025-04-29 08:09:58,2025-05-13,2025-05-13,978-1-309-43321-8,1123
638,2025-04-13 06:01:22,2025-04-27,2025-05-01,978-1-57490-002-6,1059
639,2025-04-28 22:03:30,2025-05-12,2025-05-13,978-0-524-17338-1,1272
640,2025-03-26 15:18:20,2025-04-09,2025-03-31,978-0-89900-032-9,1231
641,2025-10-31 15:33:59,2025-11-14,,978-1-79273-889-0,1089
642,2026-02-24 11:11:42,2026-03-10,2026-03-16,978-0-03-350389-1,1240
643,2026-02-09 03:56:52,2026-02-23,2026-03-01,978-1-84702-624-8,1016
644,2025-09-24 04:28:02,2025-10-08,,978-0-9854174-9-9,1281
645,2025-06-27 08:35:45,2025-07-11,2025-07-14,978-1-69373-648-3,1299
646,2025-05-18 15:59:14,2025-06-01,,978-1-260-66236-8,1122
647,2026-01-08 03:57:06,2026-01-22,,978-1-898348-61-0,1226
648,2025-07-22 20:46:25,2025-08-05,2025-08-16,978-1-00-634764-1,1252
649,2025-06-12 12:05:08,2025-06-26,2025-07-04,978-0-433-82688-0,1215
650,2026-01-20 14:51:34,2026-02-03,2026-02-13,978-1-9854-8103-9,1286
651,2026-02-02 13:33:18,2026-02-16,,978-1-887772-05-1,1091
652,2026-02-09 21:21:08,2026-02-23,2026-02-28,978-0-221-14219-2,1147
653,2026-03-18 17:58:46,2026-04-01,2026-04-01,978-0-480-31928-1,1272
654,2026-03-14 23:05:49,2026-03-28,2026-03-31,978-0-471-12384-2,1283
655,2025-11-09 18:27:30,2025-11-23,2025-11-23,978-1-177-99319-7,1274
656,2025-08-24 21:58:53,2025-09-07,,978-1-961815-09-4,1029
657,2025-12-20 03:50:40,2026-01-03,2026-01-11,978-1-56102-915-0,1005
658,2025-03-22 19:34:58,2025-04-05,2025-04-07,978-0-443-84102-6,1247
659,2025-10-16 09:19:42,2025-10-30,2025-10-23,978-0-328-13847-0,1296
660,2026-01-12 12:39:40,2026-01-26,,978-1-05-049178-9,1064
661,2025-09-27 05:28:35,2025-10-11,2025-10-07,978-1-09-682751-1,1242
662,2025-09-03 15:00:00,2025-09-17,2025-09-15,978-1-259-69514-8,1153
663,2025-07-01 00:32:39,2025-07-15,2025-07-17,978-0-203-97527-5,1166
664,2025-08-21 11:08:46,2025-09-04,2025-08-31,978-0-664-90755-6,1146
665,2025-07-16 20:35:34,2025-07-30,2025-08-05,978-1-05-245825-4,1027
666,2025-09-27 11:41:14,2025-10-11,2025-10-07,978-1-953242-90-7,1019
667,2025-12-14 22:12:53,2025-12-28,2025-12-20,978-1-315-22887-7,1045
668,2025-03-26 04:54:31,2025-04-09,2025-04-07,978-0-333-42732-3,1194
669,2025-07-10 13:39:13,2025-07-24,2025-07-28,978-0-8080-9920-8,1168
670,2025-11-26 06:31:01,2025-12-10,2025-12-01,978-1-7380733-3-7,1052
671,2025-10-24 09:19:37,2025-11-07,2025-11-08,978-1-228-13234-6,1130
672,2025-10-25 14:23:13,2025-11-08,,978-1-86943-145-7,1161
673,2025-08-13 18:31:35,2025-08-27,2025-09-05,978-1-146-16295-1,1071
674,2025-03-22 10:26:48,2025-04-05,,978-0-384-22034-8,1097
675,2025-04-15 01:11:01,2025-04-29,2025-04-17,978-1-940628-67-7,1110
676,2025-05-31 17:37:44,2025-06-14,,978-0-212-15963-5,1144
677,2025-07-10 21:05:35,2025-07-24,2025-08-02,978-1-4084-6094-8,1048
678,2025-06-08 18:38:36,2025-06-22,2025-06-25,978-0-426-06412-1,1178
679,2025-09-26 02:11:36,2025-10-10,,978-1-71016-621-7,1022
680,2025-10-09 07:46:28,2025-10-23,2025-11-01,978-1-116-03527-8,1255
681,2026-01-22 10:02:54,2026-02-05,,978-0-01-145862-5,1204
682,2025-08-06 12:09:05,2025-08-20,2025-08-28,978-0-03-210851-6,1236
683,2025-06-05 22:37:33,2025-06-19,2025-06-07,978-1-176-16533-5,1185
684,2025-05-06 17:46:29,2025-05-20,2025-05-20,978-1-947699-54-0,1111
685,2025-10-27 14:18:47,2025-11-10,,978-0-7894-1805-0,1011
686,2025-06-30 00:53:31,2025-07-14,,978-0-13-870964-8,1058
687,2026-01-16 15:00:18,2026-01-30,,978-0-559-11365-9,1252
688,2025-08-31 17:16:05,2025-09-14,2025-09-19,978-0-8248-9467-2,1259
689,2025-05-03 23:34:07,2025-05-17,2025-05-25,978-1-00-081802-4,1223
690,2025-09-16 15:29:31,2025-09-30,2025-10-09,978-1-898367-03-1,1034
691,2025-06-11 12:56:15,2025-06-25,2025-07-04,978-1-956611-80-9,1112
692,2025-04-24 23:21:13,2025-05-08,2025-05-11,978-1-336-55436-8,1222
693,2025-06-15 03:17:34,2025-06-29,2025-06-25,978-1-86614-750-4,1156
694,2025-03-24 00:20:15,2025-04-07,2025-04-16,978-1-63197-015-3,1156
695,2025-06-13 11:33:01,2025-06-27,,978-1-925031-48-5,1005
696,2025-11-13 01:42:51,2025-11-27,2025-12-05,978-1-60026-548-8,1266
697,2026-01-29 08:58:43,2026-02-12,2026-02-12,978-0-9737150-4-0,1164
698,2025-04-21 04:46:14,2025-05-05,2025-05-02,978-0-388-33273-3,1039
699,2026-01-06 22:11:15,2026-01-20,2026-01-10,978-1-246-15658-4,1136
700,2026-02-20 23:32:47,2026-03-06,2026-02-24,978-1-74081-458-4,1134
701,2025-05-16 01:34:53,2025-05-30,2025-06-05,978-0-585-18554-5,1184
702,2025-05-30 15:32:12,2025-06-13,2025-06-05,978-1-285-16062-7,1027
703,2025-09-26 00:47:20,2025-10-10,2025-09-29,978-0-426-06412-1,1198
704,2025-06-23 18:54:57,2025-07-07,2025-07-13,978-1-78595-467-2,1111
705,2025-09-13 03:01:35,2025-09-27,2025-09-28,978-0-04-559024-7,1021
706,2025-07-10 22:55:09,2025-07-24,2025-07-16,978-1-994164-87-9,1229
707,2025-09-29 20:20:09,2025-10-13,2025-10-20,978-1-994193-80-0,1089
708,2025-07-09 00:26:05,2025-07-23,2025-07-10,978-0-7028-3299-4,1100
709,2026-01-26 15:36:57,2026-02-09,2026-02-01,978-0-402-24242-0,1044
710,2025-08-09 08:18:08,2025-08-23,2025-08-28,978-0-405-98475-4,1223
711,2025-04-09 22:31:25,2025-04-23,2025-04-14,978-1-202-07011-4,1015
712,2025-12-08 16:40:50,2025-12-22,2025-12-26,978-1-4322-2482-0,1234
713,2026-02-21 23:49:04,2026-03-07,2026-02-28,978-0-696-30385-2,1101
714,2025-12-10 20:33:05,2025-12-24,2025-12-22,978-0-00-897368-1,1041
715,2026-01-15 09:13:57,2026-01-29,2026-01-17,978-0-18-885384-1,1102
716,2026-03-02 10:55:22,2026-03-16,,978-0-12-855527-9,1294
717,2026-02-01 10:21:47,2026-02-15,2026-02-15,978-1-254-32681-8,1206
718,2026-03-13 12:03:33,2026-03-27,2026-03-16,978-0-387-60100-7,1151
719,2025-08-22 00:15:35,2025-09-05,2025-09-13,978-0-311-08173-8,1015
720,2025-07-04 04:58:32,2025-07-18,,978-1-60485-106-9,1027
721,2025-03-28 05:46:20,2025-04-11,2025-03-31,978-0-286-82419-4,1114
722,2025-04-13 21:29:17,2025-04-27,2025-04-30,978-0-88561-208-6,1236
723,2026-01-10 18:07:47,2026-01-24,2026-01-31,978-1-71500-837-6,1247
724,2025-09-14 14:39:26,2025-09-28,,978-1-298-11654-3,1295
725,2026-02-25 06:41:03,2026-03-11,2026-03-03,978-0-7028-3299-4,1140
726,2026-01-31 07:38:35,2026-02-14,,978-0-397-01239-8,1240
727,2025-12-30 21:57:29,2026-01-13,2026-01-15,978-1-58865-091-7,1036
728,2025-06-20 17:34:41,2025-07-04,2025-07-07,978-0-89025-316-8,1291
729,2025-05-30 18:53:32,2025-06-13,2025-06-13,978-1-03-390581-4,1184
730,2025-08-14 20:59:56,2025-08-28,2025-08-30,978-0-8317-8624-3,1147
731,2025-07-05 00:29:55,2025-07-19,2025-07-29,978-0-07-940967-6,1076
732,2025-07-20 05:11:20,2025-08-03,2025-07-23,978-0-7152-0595-2,1095
733,2025-04-14 07:01:52,2025-04-28,2025-04-16,978-1-68326-491-0,1071
734,2025-10-10 11:06:46,2025-10-24,2025-10-13,978-0-513-80043-4,1258
735,2025-04-27 07:36:36,2025-05-11,2025-05-21,978-1-57885-468-4,1234
736,2025-04-25 06:40:47,2025-05-09,,978-1-956611-80-9,1242
737,2025-04-09 10:30:39,2025-04-23,2025-05-02,978-0-8001-7648-8,1253
738,2026-02-08 05:34:26,2026-02-22,2026-03-01,978-1-884692-58-1,1199
739,2026-02-07 21:19:52,2026-02-21,2026-02-18,978-1-60746-881-3,1033
740,2025-08-17 13:44:45,2025-08-31,2025-08-23,978-0-7890-0438-3,1135
741,2025-05-22 16:13:11,2025-06-05,2025-06-11,978-1-328-77400-2,1018
742,2025-03-24 17:46:24,2025-04-07,2025-04-13,978-1-289-25452-0,1276
743,2026-03-02 11:29:39,2026-03-16,2026-03-04,978-0-7812-3719-2,1028
744,2025-12-22 19:26:49,2026-01-05,,978-1-922932-03-7,1247
745,2025-06-09 03:21:16,2025-06-23,2025-06-18,978-0-673-69168-2,1232
746,2025-08-13 04:03:05,2025-08-27,2025-08-25,978-0-300-97914-5,1299
747,2025-10-17 00:12:55,2025-10-31,2025-10-23,978-0-314-86703-2,1297
748,2026-01-28 13:56:34,2026-02-11,,978-0-564-36759-7,1013
749,2025-05-08 16:52:27,2025-05-22,2025-05-22,978-1-5363-5865-0,1190
750,2025-09-19 02:46:32,2025-10-03,2025-10-09,978-0-19-574574-0,1019
751,2025-05-19 06:49:15,2025-06-02,2025-05-21,978-0-7709-8253-9,1177
752,2025-10-03 18:57:36,2025-10-17,,978-1-63445-945-7,1044
753,2025-04-18 08:12:09,2025-05-02,2025-04-29,978-1-279-57616-8,1002
754,2026-01-25 11:40:29,2026-02-08,2026-02-04,978-1-340-55763-8,1126
755,2025-12-31 17:49:02,2026-01-14,2026-01-04,978-0-7366-0466-6,1150
756,2025-05-30 06:23:28,2025-06-13,2025-06-14,978-0-13-870964-8,1043
757,2025-12-05 00:41:07,2025-12-19,2025-12-21,978-0-438-91453-7,1165
758,2025-07-09 05:52:57,2025-07-23,2025-07-17,978-1-5115-7738-0,1213
759,2025-10-21 11:29:37,2025-11-04,2025-10-22,978-1-282-92259-4,1105
760,2025-09-16 03:42:52,2025-09-30,,978-1-4300-0087-7,1184
761,2025-10-02 22:50:10,2025-10-16,2025-10-11,978-0-412-52998-6,1122
762,2025-11-27 02:08:10,2025-12-11,2025-11-30,978-1-5044-9178-5,1200
763,2025-08-24 20:24:53,2025-09-07,2025-09-18,978-0-85976-566-4,1105
764,2025-08-16 15:15:35,2025-08-30,2025-08-23,978-1-09-603404-9,1073
765,2026-01-26 07:04:54,2026-02-09,2026-02-10,978-0-10-363437-1,1038
766,2025-12-04 01:24:56,2025-12-18,2025-12-13,978-0-7352-6360-4,1011
767,2025-12-30 09:54:21,2026-01-13,,978-1-63445-945-7,1097
768,2026-01-07 16:37:13,2026-01-21,2026-01-17,978-0-698-48136-7,1171
769,2025-12-22 13:29:30,2026-01-05,2025-12-29,978-0-7944-4987-2,1187
770,2025-04-15 12:36:03,2025-04-29,2025-04-25,978-1-946327-25-3,1132
771,2025-03-26 01:46:45,2025-04-09,,978-1-299-79227-2,1092
772,2026-01-26 23:02:58,2026-02-09,2026-02-10,978-1-68752-578-9,1001
773,2025-12-28 01:44:50,2026-01-11,,978-0-653-64256-7,1187
774,2025-10-14 00:34:30,2025-10-28,2025-10-17,978-1-80103-704-4,1228
775,2025-04-29 04:00:01,2025-05-13,2025-05-02,978-0-565-59746-7,1043
776,2025-09-23 02:44:36,2025-10-07,2025-10-08,978-0-89350-015-3,1023
777,2026-01-09 20:49:31,2026-01-23,2026-01-30,978-1-926711-90-4,1270
778,2025-04-24 22:52:44,2025-05-08,2025-05-05,978-0-04-718197-9,1052
779,2026-02-20 17:45:01,2026-03-06,2026-03-12,978-0-8248-9467-2,1190
780,2025-11-14 06:20:32,2025-11-28,2025-11-25,978-1-76869-650-6,1269
781,2026-01-18 04:05:41,2026-02-01,2026-02-03,978-0-397-22394-7,1060
782,2025-12-15 16:49:25,2025-12-29,2025-12-18,978-1-224-17689-4,1129
783,2025-05-22 00:20:41,2025-06-05,2025-06-14,978-0-06-398989-4,1050
784,2026-02-01 10:30:22,2026-02-15,,978-0-402-75207-3,1092
785,2026-01-22 14:15:58,2026-02-05,,978-1-69557-741-1,1164
786,2025-06-11 15:40:54,2025-06-25,,978-1-156-38219-6,1202
787,2025-07-17 04:09:23,2025-07-31,,978-0-7991-3776-7,1116
788,2026-01-20 02:12:13,2026-02-03,,978-1-181-25821-3,1161
789,2025-09-23 08:15:42,2025-10-07,2025-10-11,978-0-353-09604-2,1145
790,2025-08-16 03:11:02,2025-08-30,,978-1-5444-7684-1,1210
791,2025-04-12 22:13:24,2025-04-26,2025-04-25,978-0-458-62752-3,1286
792,2025-12-29 10:47:30,2026-01-12,2026-01-06,978-1-59359-338-4,1219
793,2025-03-24 02:41:27,2025-04-07,2025-04-10,978-1-987810-16-5,1053
794,2025-06-26 02:00:48,2025-07-10,,978-0-210-82671-3,1050
795,2025-04-12 02:33:27,2025-04-26,2025-04-30,978-1-84129-286-1,1058
796,2025-12-15 12:44:02,2025-12-29,,978-1-398-89150-0,1156
797,2026-02-14 07:47:58,2026-02-28,2026-02-17,978-1-928375-95-1,1294
798,2025-09-06 19:45:14,2025-09-20,2025-09-24,978-1-289-25452-0,1029
799,2025-08-01 16:39:01,2025-08-15,2025-08-02,978-0-7829-6707-4,1060
800,2026-02-06 02:52:50,2026-02-20,2026-03-01,978-0-7181-5543-8,1093
801,2025-04-17 06:44:06,2025-05-01,2025-04-29,978-0-13-089918-7,1290
802,2025-05-05 23:44:20,2025-05-19,2025-05-21,978-0-86851-940-1,1076
803,2025-03-31 11:19:24,2025-04-14,2025-04-06,978-0-7361-2548-2,1214
804,2025-06-24 04:30:14,2025-07-08,2025-07-15,978-1-117-04889-5,1288
805,2025-10-05 22:31:42,2025-10-19,,978-1-61131-889-0,1293
806,2025-09-26 18:10:43,2025-10-10,2025-10-12,978-0-02-554859-6,1288
807,2025-10-18 00:12:05,2025-11-01,2025-11-02,978-0-300-97914-5,1167
808,2025-08-11 06:04:01,2025-08-25,,978-1-164-04078-1,1258
809,2025-10-29 05:00:59,2025-11-12,2025-11-03,978-1-00-868433-1,1029
810,2025-08-09 17:37:08,2025-08-23,2025-09-02,978-0-7991-3776-7,1124
811,2025-12-15 16:27:35,2025-12-29,2025-12-20,978-0-06-163352-2,1262
812,2025-08-03 12:24:15,2025-08-17,2025-08-04,978-1-00-571367-6,1071
813,2025-06-13 18:02:22,2025-06-27,2025-06-14,978-1-955230-12-4,1087
814,2025-09-22 12:01:24,2025-10-06,2025-10-05,978-0-495-70834-6,1019
815,2025-07-10 09:14:12,2025-07-24,2025-07-25,978-0-565-59746-7,1145
816,2025-06-15 00:55:31,2025-06-29,2025-07-02,978-1-74757-771-0,1147
817,2025-04-29 18:42:59,2025-05-13,,978-0-7201-4926-5,1281
818,2025-12-24 11:27:26,2026-01-07,,978-1-5115-7738-0,1290
819,2025-04-27 21:53:53,2025-05-11,,978-1-934225-80-6,1054
820,2025-10-08 10:58:52,2025-10-22,2025-10-10,978-1-386-99020-8,1174
821,2025-10-22 00:51:38,2025-11-05,2025-10-27,978-0-02-647976-9,1115
822,2026-03-06 07:02:01,2026-03-20,,978-0-226-55243-9,1093
823,2026-03-01 04:50:02,2026-03-15,,978-1-342-16523-7,1289
824,2025-04-08 19:09:33,2025-04-22,2025-04-21,978-1-69886-443-3,1167
825,2025-09-22 06:52:00,2025-10-06,2025-10-15,978-0-232-28576-5,1216
826,2025-06-25 19:00:37,2025-07-09,2025-06-27,978-1-183-35368-8,1275
827,2025-09-29 16:58:22,2025-10-13,2025-10-19,978-0-472-82484-7,1015
828,2025-07-23 20:52:48,2025-08-06,2025-07-24,978-0-8001-7648-8,1214
829,2025-12-26 09:51:16,2026-01-09,2025-12-29,978-1-4533-1626-9,1145
830,2025-09-22 17:05:39,2025-10-06,2025-10-03,978-0-7606-7182-5,1118
831,2025-12-27 00:20:18,2026-01-10,2026-01-05,978-1-342-16523-7,1258
832,2025-04-16 16:21:15,2025-04-30,2025-04-24,978-1-5363-5865-0,1279
833,2025-10-09 00:50:12,2025-10-23,2025-10-21,978-0-7759-3040-5,1037
834,2026-01-06 20:45:55,2026-01-20,2026-01-14,978-1-08-472168-5,1248
835,2026-03-09 09:58:20,2026-03-23,,978-1-281-69918-3,1027
836,2025-05-09 12:00:34,2025-05-23,2025-05-15,978-1-259-56159-7,1020
837,2025-08-15 21:02:57,2025-08-29,,978-0-7258-3719-8,1294
838,2025-10-10 13:01:14,2025-10-24,2025-11-02,978-1-01-710333-5,1078
839,2025-12-27 03:40:48,2026-01-10,2026-01-02,978-0-442-00553-5,1050
840,2026-01-09 21:55:34,2026-01-23,2026-01-19,978-0-18-468877-5,1153
841,2025-06-05 22:34:29,2025-06-19,2025-06-22,978-0-7201-4926-5,1238
842,2025-12-24 01:53:14,2026-01-07,2026-01-18,978-0-7920-9297-1,1059
843,2026-02-21 05:54:51,2026-03-07,2026-03-18,978-1-4044-6168-0,1033
844,2025-04-04 19:30:43,2025-04-18,2025-04-26,978-0-7826-3265-1,1243
845,2025-09-11 18:26:37,2025-09-25,2025-09-18,978-0-17-921193-3,1146
846,2025-09-03 16:26:40,2025-09-17,2025-09-14,978-1-4369-3853-2,1208
847,2026-01-29 00:40:09,2026-02-12,2026-02-22,978-0-86136-289-9,1134
848,2025-08-26 15:25:49,2025-09-09,2025-09-16,978-0-924350-76-4,1096
849,2025-11-28 01:14:03,2025-12-12,,978-1-4277-4853-9,1293
850,2025-04-26 21:32:27,2025-05-10,2025-05-14,978-1-71980-194-2,1073
851,2025-11-17 10:28:02,2025-12-01,2025-12-12,978-1-08-154609-0,1250
852,2025-11-29 05:00:30,2025-12-13,2025-12-23,978-1-5115-7738-0,1072
853,2026-03-10 13:56:21,2026-03-24,2026-04-04,978-0-569-74028-9,1217
854,2025-04-11 20:39:38,2025-04-25,,978-0-12-499103-3,1069
855,2025-10-08 23:07:10,2025-10-22,2025-11-02,978-1-08-472168-5,1039
856,2025-04-10 03:04:13,2025-04-24,2025-04-23,978-1-01-710333-5,1196
857,2025-04-30 19:10:27,2025-05-14,2025-05-23,978-1-80876-622-0,1217
858,2025-12-15 00:41:34,2025-12-29,2025-12-30,978-0-262-53078-1,1067
859,2025-10-11 22:48:08,2025-10-25,2025-10-21,978-1-5074-7935-3,1262
860,2025-11-20 01:33:19,2025-12-04,2025-12-04,978-1-4527-0537-8,1125
861,2026-01-07 22:29:05,2026-01-21,2026-02-01,978-0-11-848781-8,1043
862,2025-07-21 16:43:45,2025-08-04,,978-1-00-868433-1,1066
863,2025-04-22 20:43:36,2025-05-06,2025-05-17,978-1-355-04863-3,1066
864,2025-11-29 13:49:30,2025-12-13,2025-12-08,978-1-198-98329-0,1238
865,2025-06-07 09:32:32,2025-06-21,2025-06-08,978-0-89970-799-0,1052
866,2025-10-01 00:22:28,2025-10-15,,978-1-197-96586-0,1141
867,2026-02-27 10:39:34,2026-03-13,,978-0-88560-939-0,1095
868,2025-11-14 12:40:41,2025-11-28,2025-11-29,978-0-9696661-7-2,1183
869,2025-09-17 00:36:14,2025-10-01,2025-09-22,978-1-01-392337-1,1289
870,2025-05-23 22:49:15,2025-06-06,2025-06-07,978-0-19-223357-8,1071
871,2025-12-30 17:47:36,2026-01-13,,978-0-7184-2057-4,1146
872,2025-08-24 22:42:00,2025-09-07,2025-08-31,978-0-388-33273-3,1269
873,2025-12-27 14:05:55,2026-01-10,2026-01-16,978-1-361-40922-0,1133
874,2025-11-13 06:01:41,2025-11-27,2025-11-28,978-1-05-148486-5,1066
875,2025-03-21 23:24:01,2025-04-04,,978-1-934225-80-6,1057
876,2025-10-09 10:45:49,2025-10-23,2025-10-30,978-0-322-49777-1,1196
877,2025-06-13 15:02:00,2025-06-27,2025-06-26,978-1-55567-849-4,1282
878,2025-03-25 05:58:56,2025-04-08,2025-04-14,978-1-85255-619-8,1054
879,2025-06-01 21:40:23,2025-06-15,2025-06-18,978-1-350-84591-6,1108
880,2026-01-10 18:27:28,2026-01-24,2026-01-17,978-1-62545-630-4,1135
881,2025-11-03 20:43:53,2025-11-17,,978-1-997502-25-8,1118
882,2025-07-04 07:35:47,2025-07-18,2025-07-21,978-0-9737150-4-0,1186
883,2025-08-15 21:48:40,2025-08-29,,978-1-247-38233-3,1182
884,2025-11-30 22:47:04,2025-12-14,2025-12-04,978-1-59896-030-3,1227
885,2025-08-30 08:07:48,2025-09-13,,978-0-594-95721-8,1080
886,2025-08-02 17:32:13,2025-08-16,,978-0-559-59916-3,1166
887,2025-12-15 04:24:57,2025-12-29,2025-12-23,978-1-177-93161-8,1069
888,2025-07-26 00:49:20,2025-08-09,,978-1-394-83472-3,1181
889,2025-12-05 10:01:19,2025-12-19,2025-12-12,978-0-338-11639-0,1268
890,2025-05-31 13:59:44,2025-06-14,2025-06-25,978-1-234-49451-3,1165
891,2025-11-15 07:51:18,2025-11-29,2025-11-16,978-0-456-62095-3,1143
892,2025-08-06 08:37:57,2025-08-20,2025-08-13,978-0-914276-89-0,1043
893,2026-03-11 23:46:30,2026-03-25,2026-04-03,978-0-218-37813-9,1115
894,2026-01-20 20:33:51,2026-02-03,2026-02-09,978-0-464-62049-5,1134
895,2025-09-20 03:28:41,2025-10-04,2025-10-12,978-1-279-57616-8,1196
896,2026-02-12 01:58:52,2026-02-26,2026-02-22,978-0-526-28075-9,1083
897,2025-12-25 11:38:11,2026-01-08,2026-01-08,978-0-15-831552-2,1205
898,2025-05-22 15:58:19,2025-06-05,2025-06-08,978-0-922141-72-2,1156
899,2026-01-20 20:27:56,2026-02-03,2026-02-03,978-1-63345-182-7,1165
900,2025-03-27 07:32:13,2025-04-10,2025-04-14,978-0-9872445-4-3,1145
901,2025-10-24 15:02:24,2025-11-07,2025-10-27,978-0-286-82419-4,1022
902,2025-05-16 09:21:11,2025-05-30,2025-06-01,978-0-662-07474-8,1202
903,2025-10-06 14:03:29,2025-10-20,2025-10-28,978-0-655-44420-6,1101
904,2025-06-16 06:00:55,2025-06-30,2025-06-25,978-1-78595-467-2,1104
905,2025-11-30 23:41:47,2025-12-14,2025-12-01,978-0-676-89310-6,1232
906,2025-09-06 22:58:09,2025-09-20,,978-0-536-97616-1,1015
907,2026-03-13 02:05:03,2026-03-27,2026-03-25,978-0-631-06381-0,1244
908,2025-06-30 10:08:53,2025-07-14,2025-07-10,978-1-84049-458-7,1004
909,2025-07-06 02:15:42,2025-07-20,2025-07-12,978-1-68033-931-4,1072
910,2025-05-07 11:57:08,2025-05-21,2025-05-31,978-1-74146-654-6,1108
911,2025-09-08 16:06:31,2025-09-22,2025-09-18,978-0-454-83520-5,1021
912,2025-09-25 04:53:38,2025-10-09,2025-10-18,978-0-534-83611-5,1203
913,2025-12-11 04:02:44,2025-12-25,2025-12-29,978-1-956611-80-9,1282
914,2025-12-17 17:52:35,2025-12-31,2026-01-05,978-1-240-85629-9,1256
915,2025-04-02 11:12:34,2025-04-16,,978-1-233-67379-7,1024
916,2025-03-31 04:48:49,2025-04-14,2025-04-15,978-0-89379-391-3,1173
917,2026-02-18 11:02:01,2026-03-04,2026-03-11,978-1-83080-794-6,1257
918,2025-10-22 20:43:40,2025-11-05,2025-10-24,978-1-55026-134-9,1212
919,2025-10-16 09:34:23,2025-10-30,2025-11-02,978-1-5444-7684-1,1221
920,2026-01-29 00:07:58,2026-02-12,2026-02-04,978-1-108-43743-1,1157
921,2026-01-21 19:23:35,2026-02-04,,978-0-7352-6360-4,1021
922,2026-02-08 15:32:32,2026-02-22,2026-03-04,978-1-299-79227-2,1180
923,2025-08-05 05:41:46,2025-08-19,2025-08-11,978-0-458-62752-3,1073
924,2025-09-21 18:16:06,2025-10-05,2025-10-16,978-0-253-34847-0,1192
925,2025-05-24 05:21:06,2025-06-07,2025-06-10,978-1-85568-405-8,1099
926,2025-11-05 23:15:48,2025-11-19,2025-11-06,978-0-14-920578-8,1152
927,2025-11-17 09:29:23,2025-12-01,,978-1-5363-5865-0,1125
928,2026-03-04 00:25:18,2026-03-18,2026-03-08,978-0-564-56466-8,1190
929,2025-08-24 21:13:01,2025-09-07,2025-08-29,978-1-185-43107-0,1264
930,2025-11-30 20:51:31,2025-12-14,2025-12-12,978-1-62281-170-0,1109
931,2025-08-25 03:46:03,2025-09-08,2025-09-01,978-1-4127-7150-4,1188
932,2025-11-12 14:47:20,2025-11-26,2025-12-03,978-0-05-423581-8,1034
933,2025-10-11 17:11:23,2025-10-25,2025-10-19,978-1-00-337210-3,1294
934,2025-07-08 13:43:42,2025-07-22,2025-07-28,978-1-7326867-6-2,1236
935,2025-08-13 15:26:25,2025-08-27,,978-1-395-95338-6,1298
936,2025-10-07 14:37:48,2025-10-21,2025-10-27,978-1-9757-7005-1,1173
937,2026-03-06 10:35:10,2026-03-20,,978-0-324-04427-0,1133
938,2025-10-28 14:04:09,2025-11-11,2025-11-05,978-1-68026-243-8,1173
939,2025-03-26 04:47:03,2025-04-09,,978-0-493-46751-1,1111
940,2025-07-03 02:53:47,2025-07-17,2025-07-13,978-0-07-765554-9,1283
941,2025-10-03 10:37:24,2025-10-17,2025-10-20,978-1-108-43743-1,1263
942,2025-07-26 05:19:56,2025-08-09,,978-0-7269-1509-3,1271
943,2026-03-14 01:29:28,2026-03-28,2026-04-04,978-1-298-23629-6,1271
944,2026-01-29 19:32:10,2026-02-12,2026-02-14,978-0-219-57141-6,1036
945,2025-11-03 07:32:24,2025-11-17,2025-11-28,978-0-05-481024-4,1002
946,2025-05-27 13:36:42,2025-06-10,2025-06-17,978-0-302-47256-9,1141
947,2025-08-26 20:18:13,2025-09-09,2025-09-08,978-0-672-98441-9,1238
948,2025-07-19 17:32:57,2025-08-02,2025-07-23,978-1-4231-9763-8,1101
949,2025-09-23 06:39:35,2025-10-07,,978-0-631-06381-0,1070
950,2025-05-02 17:14:25,2025-05-16,2025-05-05,978-0-06-163352-2,1271
951,2026-02-10 23:15:29,2026-02-24,2026-02-26,978-0-15-021720-6,1061
952,2026-03-11 05:44:27,2026-03-25,2026-03-31,978-1-4501-8869-2,1279
953,2026-03-16 23:54:05,2026-03-30,,978-0-397-22394-7,1229
954,2026-01-02 14:05:40,2026-01-16,2026-01-12,978-1-84812-618-3,1251
955,2025-12-21 01:48:17,2026-01-04,2025-12-29,978-0-294-81933-5,1293
956,2025-12-13 07:05:08,2025-12-27,,978-0-941959-81-0,1297
957,2025-09-04 08:29:39,2025-09-18,2025-09-21,978-0-219-57141-6,1045
958,2025-07-09 02:28:21,2025-07-23,2025-07-16,978-0-7296-4642-0,1135
959,2026-02-15 01:41:01,2026-03-01,,978-1-76189-806-8,1111
960,2025-10-28 10:28:36,2025-11-11,2025-10-29,978-1-4862-3861-3,1240
961,2025-09-01 06:13:00,2025-09-15,2025-09-13,978-1-904177-39-5,1222
962,2025-07-04 15:22:27,2025-07-18,2025-07-28,978-0-209-80524-8,1059
963,2025-10-04 00:21:45,2025-10-18,2025-10-27,978-0-9827147-4-4,1255
964,2025-11-28 02:27:44,2025-12-12,2025-12-06,978-1-355-04863-3,1223
965,2026-03-04 14:54:11,2026-03-18,2026-03-13,978-1-81864-375-7,1175
966,2025-07-06 16:10:35,2025-07-20,2025-07-10,978-0-7264-9881-7,1296
967,2025-05-19 15:47:19,2025-06-02,2025-05-26,978-0-433-03479-7,1058
968,2025-06-30 18:17:38,2025-07-14,2025-07-10,978-1-226-70937-3,1015
969,2025-09-25 11:49:23,2025-10-09,,978-1-5172-6471-0,1081
970,2025-06-22 23:10:58,2025-07-06,2025-07-15,978-0-88201-657-3,1146
971,2025-08-05 14:30:27,2025-08-19,,978-1-06-650348-3,1143
972,2026-02-10 01:49:07,2026-02-24,,978-0-286-82419-4,1242
973,2025-07-08 01:58:41,2025-07-22,2025-07-10,978-1-4984-2249-9,1021
974,2025-05-02 04:12:58,2025-05-16,2025-05-04,978-1-4207-8967-6,1092
975,2025-11-24 11:31:43,2025-12-08,2025-11-28,978-1-04-017643-6,1292
976,2025-08-13 15:30:25,2025-08-27,2025-09-03,978-1-62834-544-5,1166
977,2025-05-22 17:58:19,2025-06-05,2025-06-08,978-0-17-575229-4,1250
978,2025-09-28 06:10:54,2025-10-12,2025-10-19,978-0-339-74256-7,1101
979,2026-02-07 01:53:13,2026-02-21,2026-02-15,978-0-88064-999-5,1160
980,2025-12-18 12:38:47,2026-01-01,2026-01-01,978-1-83460-837-2,1005
981,2025-04-02 00:10:53,2025-04-16,2025-04-25,978-0-202-75324-9,1131
982,2025-07-19 03:59:46,2025-08-02,2025-08-03,978-1-190-22699-9,1130
983,2025-04-22 05:53:54,2025-05-06,2025-05-04,978-1-399-52687-6,1247
984,2025-08-02 11:41:13,2025-08-16,2025-08-23,978-0-476-21093-6,1165
985,2025-04-08 13:16:30,2025-04-22,2025-04-20,978-1-938363-87-0,1144
986,2025-09-26 03:23:22,2025-10-10,2025-10-03,978-0-249-45511-3,1218
987,2025-07-02 21:10:15,2025-07-16,2025-07-27,978-0-09-904486-4,1030
988,2025-03-24 05:16:07,2025-04-07,,978-0-230-36143-0,1096
989,2025-09-05 00:46:06,2025-09-19,2025-09-24,978-0-383-99999-3,1102
990,2025-08-01 08:42:16,2025-08-15,,978-0-646-98994-5,1084
991,2025-04-09 08:09:17,2025-04-23,2025-04-10,978-0-7617-3110-8,1053
992,2025-10-02 09:19:07,2025-10-16,2025-10-20,978-1-887325-03-5,1278
993,2025-04-19 23:48:55,2025-05-03,,978-0-215-19869-3,1074
994,2025-10-17 04:03:10,2025-10-31,,978-0-09-746334-6,1245
995,2025-07-17 04:47:19,2025-07-31,2025-08-05,978-1-272-22746-3,1291
996,2026-03-10 21:04:37,2026-03-24,,978-1-4366-6289-5,1077
997,2025-05-09 19:41:54,2025-05-23,,978-0-626-65193-0,1102
998,2025-07-12 13:15:05,2025-07-26,2025-08-03,978-1-4553-2877-2,1170
999,2025-10-22 12:17:18,2025-11-05,2025-11-13,978-0-05-423581-8,1082
1000,2026-01-15 00:36:48,2026-01-29,2026-02-01,978-0-563-00760-9,1265
