id,end_date,status,isbn,card_number
1,2026-03-19,Pending,978-0-17-210807-0,1211
2,2026-03-19,Expired,978-0-220-56477-3,1184
3,2026-03-19,Expired,978-0-7599-9270-2,1289
4,2026-03-19,Expired,978-0-89566-149-4,1139
5,2026-03-19,Pending,978-0-295-36969-3,1037
6,2026-03-19,Expired,978-1-266-17635-7,1110
7,2026-03-19,Active,978-0-7004-4267-6,1135
8,2026-03-19,Pending,978-1-392-84903-3,1272
9,2026-03-19,Active,978-1-02-977466-0,1101
10,2026-03-19,Expired,978-1-69820-045-3,1210
11,2026-03-19,Pending,978-1-5417-9601-0,1033
12,2026-03-19,Pending,978-1-157-90876-0,1269
13,2026-03-19,Pending,978-1-74398-210-5,1182
14,2026-03-19,Pending,978-1-03-242622-8,1022
15,2026-03-19,Pending,978-1-909443-97-6,1099
16,2026-03-19,Active,978-1-63544-347-9,1206
17,2026-03-19,Pending,978-1-175-21494-2,1103
18,2026-03-19,Expired,978-0-88326-128-6,1104
19,2026-03-19,Expired,978-1-86901-561-9,1047
20,2026-03-19,Pending,978-0-12-966059-0,1228
21,2026-03-19,Pending,978-1-203-20880-6,1170
22,2026-03-19,Expired,978-0-15-271249-5,1128
23,2026-03-19,Active,978-1-56823-752-7,1102
24,2026-03-19,Pending,978-1-102-90110-5,1290
25,2026-03-19,Expired,978-0-444-66117-3,1075
26,2026-03-19,Active,978-1-946439-20-8,1163
27,2026-03-19,Expired,978-0-475-54509-1,1014
28,2026-03-19,Pending,978-0-917897-87-0,1042
29,2026-03-19,Active,978-1-933907-24-6,1185
30,2026-03-19,Active,978-1-4435-7721-2,1296
31,2026-03-19,Active,978-1-943412-33-4,1142
32,2026-03-19,Active,978-0-404-02326-3,1047
33,2026-03-19,Active,978-0-8465-7666-2,1283
34,2026-03-19,Pending,978-1-204-69575-9,1031
35,2026-03-19,Active,978-0-86775-229-8,1057
36,2026-03-19,Pending,978-0-7098-0502-1,1137
37,2026-03-19,Expired,978-0-8169-5709-5,1015
38,2026-03-19,Expired,978-1-946121-62-2,1192
39,2026-03-19,Active,978-1-105-43363-4,1219
40,2026-03-19,Expired,978-0-565-00060-8,1051
41,2026-03-19,Pending,978-0-370-23798-5,1186
42,2026-03-19,Active,978-1-04-985210-2,1042
43,2026-03-19,Active,978-1-61742-825-8,1232
44,2026-03-19,Active,978-1-255-28082-9,1163
45,2026-03-19,Pending,978-0-07-855489-6,1041
46,2026-03-19,Active,978-0-622-12246-5,1004
47,2026-03-19,Pending,978-0-14-693327-1,1080
48,2026-03-19,Pending,978-1-962052-04-7,1160
49,2026-03-19,Expired,978-1-02-689009-7,1285
50,2026-03-19,Expired,978-0-412-52469-1,1240
51,2026-03-19,Expired,978-0-387-56952-9,1047
52,2026-03-19,Pending,978-1-368-20276-3,1208
53,2026-03-19,Active,978-1-959985-53-2,1099
54,2026-03-19,Pending,978-1-4595-1630-4,1099
55,2026-03-19,Active,978-0-04-260703-0,1136
56,2026-03-19,Expired,978-1-878967-65-7,1045
57,2026-03-19,Expired,978-0-649-50779-5,1009
58,2026-03-19,Expired,978-1-4322-2516-2,1208
59,2026-03-19,Active,978-1-56117-354-9,1295
60,2026-03-19,Expired,978-0-663-36629-3,1200
61,2026-03-19,Active,978-0-7389-4180-6,1264
62,2026-03-19,Active,978-0-519-00295-5,1016
63,2026-03-19,Active,978-0-667-97086-1,1009
64,2026-03-19,Expired,978-0-512-90477-5,1243
65,2026-03-19,Active,978-1-914941-66-5,1130
66,2026-03-19,Pending,978-1-55223-226-2,1159
67,2026-03-19,Active,978-0-7502-6875-2,1288
68,2026-03-19,Active,978-0-214-36322-1,1251
69,2026-03-19,Active,978-0-292-44089-0,1208
70,2026-03-19,Active,978-0-259-16870-6,1147
71,2026-03-19,Pending,978-1-150-55039-3,1065
72,2026-03-19,Active,978-1-116-70486-0,1061
73,2026-03-19,Pending,978-1-74884-564-1,1083
74,2026-03-19,Pending,978-0-12-172731-4,1235
75,2026-03-19,Active,978-0-7142-4852-3,1193
76,2026-03-19,Active,978-0-208-21177-4,1141
77,2026-03-19,Active,978-0-07-870871-8,1128
78,2026-03-19,Expired,978-1-55575-946-9,1282
79,2026-03-19,Pending,978-0-9510449-0-2,1231
80,2026-03-19,Active,978-0-303-97143-6,1061
81,2026-03-19,Pending,978-1-86540-370-0,1163
82,2026-03-19,Pending,978-1-86901-561-9,1032
83,2026-03-19,Pending,978-1-58382-479-5,1137
84,2026-03-19,Pending,978-1-921378-90-4,1260
85,2026-03-19,Active,978-0-376-29583-5,1007
86,2026-03-19,Active,978-1-69250-603-2,1036
87,2026-03-19,Expired,978-1-124-29824-5,1224
88,2026-03-19,Active,978-0-580-62420-9,1184
89,2026-03-19,Expired,978-0-9678334-8-4,1143
90,2026-03-19,Expired,978-0-463-89316-6,1069
91,2026-03-19,Active,978-0-7382-9186-4,1240
92,2026-03-19,Pending,978-1-236-32798-7,1019
93,2026-03-19,Expired,978-1-997584-09-4,1091
94,2026-03-19,Pending,978-0-288-92055-9,1142
95,2026-03-19,Active,978-1-4418-8264-6,1026
96,2026-03-19,Expired,978-0-06-119439-9,1192
97,2026-03-19,Pending,978-0-7850-3537-4,1059
98,2026-03-19,Pending,978-0-9654540-5-6,1145
99,2026-03-19,Pending,978-0-546-85625-5,1055
100,2026-03-19,Active,978-0-7316-2101-9,1011
101,2026-03-19,Expired,978-0-7960-9536-7,1090
102,2026-03-19,Expired,978-0-652-70067-1,1046
103,2026-03-19,Active,978-1-206-56611-8,1156
104,2026-03-19,Active,978-0-88464-637-2,1110
105,2026-03-19,Pending,978-0-417-70831-7,1032
106,2026-03-19,Pending,978-0-396-77281-1,1177
107,2026-03-19,Active,978-0-244-60456-1,1045
108,2026-03-19,Active,978-1-284-20689-0,1231
109,2026-03-19,Active,978-0-14-151708-7,1187
110,2026-03-19,Active,978-1-165-23903-0,1098
111,2026-03-19,Expired,978-0-908489-71-8,1081
112,2026-03-19,Expired,978-0-89283-517-1,1211
113,2026-03-19,Pending,978-1-997776-08-6,1060
114,2026-03-19,Active,978-1-993519-54-0,1174
115,2026-03-19,Active,978-0-7538-4421-2,1265
116,2026-03-19,Active,978-1-83192-426-0,1041
117,2026-03-19,Active,978-1-86194-462-7,1047
118,2026-03-19,Pending,978-1-388-73759-7,1036
119,2026-03-19,Pending,978-0-938419-92-1,1018
120,2026-03-19,Expired,978-1-386-15332-0,1266
121,2026-03-19,Pending,978-1-948674-83-6,1194
122,2026-03-19,Expired,978-0-7227-5470-2,1035
123,2026-03-19,Active,978-1-905300-63-1,1026
124,2026-03-19,Expired,978-0-17-055212-7,1089
125,2026-03-19,Pending,978-1-64732-195-6,1217
126,2026-03-19,Pending,978-0-663-98476-3,1074
127,2026-03-19,Pending,978-0-07-775641-3,1137
128,2026-03-19,Pending,978-0-322-78013-2,1298
129,2026-03-19,Expired,978-1-5060-2226-0,1267
130,2026-03-19,Active,978-1-7381352-6-4,1215
131,2026-03-19,Pending,978-1-06-961597-8,1290
132,2026-03-19,Pending,978-1-05-554644-6,1133
133,2026-03-19,Expired,978-1-55889-621-5,1085
134,2026-03-19,Pending,978-1-75077-867-8,1018
135,2026-03-19,Expired,978-1-75398-620-9,1214
136,2026-03-19,Active,978-1-64521-169-3,1172
137,2026-03-19,Pending,978-0-02-107978-0,1143
138,2026-03-19,Pending,978-1-59432-355-3,1025
139,2026-03-19,Active,978-0-661-95734-9,1137
140,2026-03-19,Expired,978-0-589-30471-3,1002
141,2026-03-19,Active,978-1-389-59223-2,1219
142,2026-03-19,Pending,978-0-218-22545-7,1174
143,2026-03-19,Active,978-0-208-21177-4,1291
144,2026-03-19,Expired,978-1-5300-7250-7,1147
145,2026-03-19,Expired,978-0-314-31081-1,1099
146,2026-03-19,Pending,978-1-58080-496-7,1143
147,2026-03-19,Active,978-0-12-172731-4,1033
148,2026-03-19,Expired,978-1-56630-148-0,1051
149,2026-03-19,Pending,978-1-931086-28-8,1166
150,2026-03-19,Pending,978-0-12-907975-0,1201
151,2026-03-19,Expired,978-0-9591696-2-1,1207
152,2026-03-19,Expired,978-1-00-391737-3,1011
153,2026-03-19,Active,978-1-200-21523-4,1243
154,2026-03-19,Expired,978-0-589-30471-3,1096
155,2026-03-19,Active,978-0-312-78396-9,1281
156,2026-03-19,Pending,978-0-268-98579-0,1217
157,2026-03-19,Active,978-1-59897-093-7,1256
158,2026-03-19,Active,978-1-5224-1073-7,1282
159,2026-03-19,Pending,978-1-78072-474-4,1233
160,2026-03-19,Expired,978-1-60299-550-5,1240
161,2026-03-19,Pending,978-0-00-672650-0,1182
162,2026-03-19,Active,978-1-340-96777-2,1264
163,2026-03-19,Pending,978-1-82296-902-7,1271
164,2026-03-19,Expired,978-1-210-04483-1,1078
165,2026-03-19,Pending,978-0-86346-811-7,1047
166,2026-03-19,Expired,978-0-588-22477-7,1187
167,2026-03-19,Expired,978-0-548-11205-2,1000
168,2026-03-19,Expired,978-1-69628-811-8,1203
169,2026-03-19,Expired,978-0-414-11414-2,1140
170,2026-03-19,Pending,978-1-943923-82-3,1271
171,2026-03-19,Active,978-1-892111-00-5,1234
172,2026-03-19,Active,978-0-678-63747-0,1219
173,2026-03-19,Active,978-1-84930-846-5,1114
174,2026-03-19,Pending,978-1-5311-8224-3,1156
175,2026-03-19,Expired,978-1-09-507501-2,1167
176,2026-03-19,Active,978-1-70896-265-4,1032
177,2026-03-19,Pending,978-0-02-596448-8,1167
178,2026-03-19,Active,978-0-649-50779-5,1273
179,2026-03-19,Pending,978-0-453-95814-1,1187
180,2026-03-19,Expired,978-0-7050-0717-7,1000
181,2026-03-19,Pending,978-0-8096-0878-2,1267
182,2026-03-19,Pending,978-1-114-78218-1,1244
183,2026-03-19,Active,978-1-79230-759-1,1075
184,2026-03-19,Expired,978-1-63946-743-3,1217
185,2026-03-19,Pending,978-1-58080-496-7,1013
186,2026-03-19,Active,978-0-591-44524-4,1104
187,2026-03-19,Expired,978-1-4435-7721-2,1132
188,2026-03-19,Active,978-0-490-39787-3,1261
189,2026-03-19,Expired,978-1-4423-8066-0,1253
190,2026-03-19,Pending,978-1-914556-18-0,1176
191,2026-03-19,Active,978-0-216-76685-3,1095
192,2026-03-19,Pending,978-1-00-430987-0,1190
193,2026-03-19,Active,978-0-7492-5820-7,1032
194,2026-03-19,Pending,978-1-925012-44-6,1275
195,2026-03-19,Active,978-0-426-39199-9,1171
196,2026-03-19,Pending,978-0-15-534804-2,1120
197,2026-03-19,Pending,978-0-17-563135-3,1230
198,2026-03-19,Active,978-1-58221-740-6,1263
199,2026-03-19,Expired,978-0-625-74656-9,1283
200,2026-03-19,Pending,978-1-9762-3314-2,1168
201,2026-03-19,Expired,978-0-07-870871-8,1015
202,2026-03-19,Active,978-0-18-850483-5,1176
203,2026-03-19,Active,978-1-104-10698-0,1268
204,2026-03-19,Expired,978-1-202-06575-2,1082
205,2026-03-19,Pending,978-1-251-98984-9,1209
206,2026-03-19,Expired,978-0-676-10054-9,1001
207,2026-03-19,Expired,978-0-938419-92-1,1029
208,2026-03-19,Active,978-1-57765-337-0,1229
209,2026-03-19,Pending,978-1-112-42381-9,1168
210,2026-03-19,Expired,978-1-7348916-1-4,1265
211,2026-03-19,Active,978-0-569-58513-2,1012
212,2026-03-19,Pending,978-0-03-229250-5,1194
213,2026-03-19,Pending,978-0-247-31372-9,1289
214,2026-03-19,Pending,978-1-4936-8271-3,1241
215,2026-03-19,Active,978-1-01-510294-1,1150
216,2026-03-19,Expired,978-0-426-93029-7,1138
217,2026-03-19,Active,978-0-649-50779-5,1138
218,2026-03-19,Expired,978-1-212-29922-2,1002
219,2026-03-19,Pending,978-1-4753-2718-2,1241
220,2026-03-19,Pending,978-1-73185-157-4,1189
221,2026-03-19,Expired,978-0-420-30827-6,1100
222,2026-03-19,Pending,978-1-04-989096-8,1162
223,2026-03-19,Pending,978-0-12-888310-5,1096
224,2026-03-19,Expired,978-0-11-627591-2,1258
225,2026-03-19,Active,978-1-222-26909-3,1058
226,2026-03-19,Expired,978-0-7285-8521-8,1084
227,2026-03-19,Pending,978-1-5311-8224-3,1294
228,2026-03-19,Pending,978-0-221-51017-5,1206
229,2026-03-19,Pending,978-0-333-77417-5,1229
230,2026-03-19,Pending,978-1-896820-69-9,1071
231,2026-03-19,Active,978-1-5421-2441-6,1039
232,2026-03-19,Active,978-1-5454-5134-2,1101
233,2026-03-19,Expired,978-1-09-507501-2,1054
234,2026-03-19,Expired,978-0-370-23798-5,1055
235,2026-03-19,Expired,978-0-05-414278-9,1023
236,2026-03-19,Pending,978-1-954472-02-0,1291
237,2026-03-19,Expired,978-1-68908-564-9,1208
238,2026-03-19,Active,978-0-322-27512-6,1118
239,2026-03-19,Expired,978-1-9999330-7-4,1220
240,2026-03-19,Pending,978-1-221-75459-0,1230
241,2026-03-19,Pending,978-0-222-57462-6,1169
242,2026-03-19,Pending,978-0-691-43107-9,1014
243,2026-03-19,Pending,978-1-74754-478-1,1186
244,2026-03-19,Pending,978-1-86577-518-0,1211
245,2026-03-19,Pending,978-0-7238-2197-7,1079
246,2026-03-19,Pending,978-1-05-271794-8,1252
247,2026-03-19,Expired,978-1-117-11197-1,1062
248,2026-03-19,Pending,978-1-56117-354-9,1115
249,2026-03-19,Active,978-0-9839925-6-1,1061
250,2026-03-19,Active,978-0-506-82633-5,1074
251,2026-03-19,Pending,978-0-358-85743-3,1081
252,2026-03-19,Expired,978-0-406-22817-8,1174
253,2026-03-19,Pending,978-1-06-961597-8,1033
254,2026-03-19,Expired,978-1-66118-155-0,1178
255,2026-03-19,Active,978-1-312-32419-0,1005
256,2026-03-19,Active,978-0-346-19903-3,1170
257,2026-03-19,Expired,978-0-8210-0643-6,1216
258,2026-03-19,Pending,978-0-548-51516-7,1159
259,2026-03-19,Expired,978-1-03-374463-5,1142
260,2026-03-19,Expired,978-1-58674-827-2,1079
261,2026-03-19,Expired,978-0-683-98822-2,1131
262,2026-03-19,Pending,978-0-674-66723-5,1269
263,2026-03-19,Expired,978-1-5142-6420-1,1243
264,2026-03-19,Expired,978-1-68753-718-8,1119
265,2026-03-19,Expired,978-1-81711-175-2,1189
266,2026-03-19,Pending,978-0-323-70067-2,1087
267,2026-03-19,Active,978-0-671-94929-7,1070
268,2026-03-19,Pending,978-0-467-51093-9,1126
269,2026-03-19,Active,978-0-07-674235-6,1094
270,2026-03-19,Expired,978-0-12-984481-5,1116
271,2026-03-19,Active,978-0-231-00651-4,1242
272,2026-03-19,Expired,978-1-04-815429-0,1297
273,2026-03-19,Pending,978-1-4396-9718-4,1036
274,2026-03-19,Expired,978-1-945418-36-5,1278
275,2026-03-19,Active,978-1-916370-47-0,1050
276,2026-03-19,Pending,978-1-255-28082-9,1155
277,2026-03-19,Expired,978-0-8210-0643-6,1204
278,2026-03-19,Active,978-1-203-68355-9,1056
279,2026-03-19,Expired,978-1-70871-021-7,1255
280,2026-03-19,Expired,978-0-242-67741-3,1117
281,2026-03-19,Active,978-1-4219-7729-4,1228
282,2026-03-19,Expired,978-1-4200-2195-0,1195
283,2026-03-19,Active,978-0-437-90368-6,1191
284,2026-03-19,Pending,978-0-11-393308-2,1005
285,2026-03-19,Active,978-1-4132-9729-4,1022
286,2026-03-19,Active,978-0-7249-9864-7,1263
287,2026-03-19,Pending,978-0-602-64819-0,1265
288,2026-03-19,Expired,978-1-4949-1405-9,1204
289,2026-03-19,Pending,978-0-85306-813-6,1222
290,2026-03-19,Expired,978-1-239-18813-4,1264
291,2026-03-19,Expired,978-1-4020-0753-8,1145
292,2026-03-19,Active,978-0-934240-73-4,1112
293,2026-03-19,Expired,978-1-948912-75-4,1195
294,2026-03-19,Expired,978-0-622-22690-3,1072
295,2026-03-19,Expired,978-1-78690-785-1,1252
296,2026-03-19,Expired,978-0-695-76810-2,1259
297,2026-03-19,Expired,978-1-4263-2934-0,1059
298,2026-03-19,Pending,978-1-63480-623-7,1043
299,2026-03-19,Active,978-1-63544-347-9,1209
300,2026-03-19,Pending,978-0-660-37784-1,1167
301,2026-03-19,Expired,978-1-00-128401-9,1130
302,2026-03-19,Active,978-1-81906-289-2,1285
303,2026-03-19,Expired,978-1-74455-108-9,1298
304,2026-03-19,Pending,978-1-03-242622-8,1137
305,2026-03-19,Active,978-1-284-20689-0,1282
306,2026-03-19,Pending,978-0-89283-517-1,1048
307,2026-03-19,Pending,978-0-441-37570-7,1111
308,2026-03-19,Expired,978-1-321-90095-8,1126
309,2026-03-19,Active,978-0-559-38616-9,1146
310,2026-03-19,Expired,978-0-7055-2199-4,1091
311,2026-03-19,Active,978-0-413-17589-2,1241
312,2026-03-19,Active,978-1-998040-06-3,1261
313,2026-03-19,Active,978-0-649-50779-5,1027
314,2026-03-19,Pending,978-0-9517222-3-7,1220
315,2026-03-19,Expired,978-1-878696-01-4,1277
316,2026-03-19,Expired,978-1-03-921242-8,1093
317,2026-03-19,Pending,978-1-954019-20-1,1244
318,2026-03-19,Active,978-1-4748-0172-0,1220
319,2026-03-19,Pending,978-1-75954-540-0,1249
320,2026-03-19,Expired,978-1-100-15236-3,1038
321,2026-03-19,Active,978-0-285-30864-0,1227
322,2026-03-19,Active,978-0-221-51017-5,1072
323,2026-03-19,Active,978-0-7492-5820-7,1119
324,2026-03-19,Expired,978-0-445-40325-3,1166
325,2026-03-19,Expired,978-0-8060-9359-8,1255
326,2026-03-19,Pending,978-1-56823-752-7,1189
327,2026-03-19,Active,978-1-351-91663-9,1277
328,2026-03-19,Expired,978-1-315-81166-6,1110
329,2026-03-19,Expired,978-1-03-824210-5,1258
330,2026-03-19,Pending,978-0-464-46892-9,1219
331,2026-03-19,Expired,978-0-530-51675-2,1236
332,2026-03-19,Pending,978-0-457-69185-3,1271
333,2026-03-19,Pending,978-1-4396-9718-4,1088
334,2026-03-19,Pending,978-1-4865-0974-4,1031
335,2026-03-19,Active,978-1-69984-756-5,1229
336,2026-03-19,Expired,978-1-248-33558-1,1264
337,2026-03-19,Active,978-1-5074-5035-2,1167
338,2026-03-19,Expired,978-0-7178-0869-4,1114
339,2026-03-19,Active,978-0-939377-83-1,1046
340,2026-03-19,Expired,978-0-09-518657-5,1162
341,2026-03-19,Pending,978-1-361-13421-4,1208
342,2026-03-19,Pending,978-0-7285-8521-8,1282
343,2026-03-19,Active,978-0-9667785-6-4,1101
344,2026-03-19,Pending,978-1-76413-270-1,1027
345,2026-03-19,Pending,978-0-676-10054-9,1295
346,2026-03-19,Active,978-1-300-47745-7,1266
347,2026-03-19,Active,978-0-14-075269-4,1231
348,2026-03-19,Pending,978-0-7748-9682-5,1170
349,2026-03-19,Active,978-0-670-91180-6,1022
350,2026-03-19,Active,978-1-138-55600-3,1280
351,2026-03-19,Active,978-1-890891-98-5,1267
352,2026-03-19,Expired,978-0-18-048123-3,1004
353,2026-03-19,Active,978-1-295-23746-3,1035
354,2026-03-19,Active,978-0-439-47726-0,1254
355,2026-03-19,Pending,978-0-15-686769-6,1221
356,2026-03-19,Pending,978-1-238-89929-1,1244
357,2026-03-19,Pending,978-0-8265-0730-3,1299
358,2026-03-19,Expired,978-0-235-62814-9,1165
359,2026-03-19,Pending,978-1-110-02317-2,1065
360,2026-03-19,Pending,978-0-8122-0638-8,1221
361,2026-03-19,Expired,978-1-368-12365-5,1202
362,2026-03-19,Pending,978-0-450-90600-8,1169
363,2026-03-19,Expired,978-0-7029-9343-5,1274
364,2026-03-19,Active,978-1-392-84903-3,1299
365,2026-03-19,Expired,978-0-244-60456-1,1049
366,2026-03-19,Expired,978-1-58221-740-6,1187
367,2026-03-19,Active,978-1-312-54019-4,1272
368,2026-03-19,Expired,978-1-271-97824-3,1249
369,2026-03-19,Pending,978-0-05-038710-8,1104
370,2026-03-19,Active,978-0-00-790406-8,1028
371,2026-03-19,Active,978-1-337-86670-5,1266
372,2026-03-19,Expired,978-0-558-93267-1,1104
373,2026-03-19,Pending,978-1-124-19992-4,1181
374,2026-03-19,Expired,978-1-84810-469-3,1225
375,2026-03-19,Expired,978-1-175-23495-7,1299
376,2026-03-19,Active,978-0-88064-196-8,1252
377,2026-03-19,Active,978-1-115-02962-9,1281
378,2026-03-19,Active,978-0-08-172267-1,1165
379,2026-03-19,Active,978-1-373-46444-6,1190
380,2026-03-19,Pending,978-0-535-07200-0,1179
381,2026-03-19,Active,978-1-83192-426-0,1099
382,2026-03-19,Expired,978-0-910386-96-8,1115
383,2026-03-19,Expired,978-0-7571-8279-2,1238
384,2026-03-19,Pending,978-1-295-93026-5,1075
385,2026-03-19,Active,978-0-433-82191-5,1269
386,2026-03-19,Expired,978-1-915776-34-1,1098
387,2026-03-19,Active,978-1-67006-815-6,1246
388,2026-03-19,Expired,978-1-04-815429-0,1128
389,2026-03-19,Expired,978-1-71340-449-1,1065
390,2026-03-19,Active,978-0-667-97086-1,1073
391,2026-03-19,Active,978-1-77460-884-5,1175
392,2026-03-19,Expired,978-1-278-49383-1,1100
393,2026-03-19,Active,978-0-383-83646-5,1295
394,2026-03-19,Pending,978-1-56630-148-0,1231
395,2026-03-19,Pending,978-1-7354102-4-1,1073
396,2026-03-19,Expired,978-0-379-58166-9,1247
397,2026-03-19,Expired,978-0-8436-6302-0,1099
398,2026-03-19,Pending,978-1-4103-9064-6,1297
399,2026-03-19,Pending,978-0-9667785-6-4,1213
400,2026-03-19,Pending,978-0-208-08979-3,1021
401,2026-03-19,Expired,978-0-581-77232-9,1023
402,2026-03-19,Pending,978-1-203-14527-9,1039
403,2026-03-19,Pending,978-1-08-626001-4,1065
404,2026-03-19,Active,978-0-338-33975-1,1276
405,2026-03-19,Expired,978-0-13-154350-8,1174
406,2026-03-19,Expired,978-0-624-31627-5,1074
407,2026-03-19,Active,978-0-444-66117-3,1289
408,2026-03-19,Expired,978-1-204-69575-9,1053
409,2026-03-19,Active,978-0-7238-2197-7,1282
410,2026-03-19,Expired,978-1-4302-4461-5,1143
411,2026-03-19,Active,978-1-119-56527-7,1247
412,2026-03-19,Active,978-0-85839-783-5,1141
413,2026-03-19,Pending,978-0-7898-3144-6,1145
414,2026-03-19,Expired,978-1-85784-547-1,1087
415,2026-03-19,Expired,978-1-368-71762-5,1026
416,2026-03-19,Active,978-0-7748-9682-5,1124
417,2026-03-19,Pending,978-1-01-521435-4,1297
418,2026-03-19,Pending,978-0-00-037363-2,1229
419,2026-03-19,Active,978-0-298-52313-9,1060
420,2026-03-19,Active,978-1-957472-53-9,1082
421,2026-03-19,Pending,978-0-656-10006-4,1077
422,2026-03-19,Pending,978-0-7470-2366-1,1215
423,2026-03-19,Pending,978-0-214-94781-0,1271
424,2026-03-19,Pending,978-1-08-341907-1,1088
425,2026-03-19,Pending,978-1-4780-6501-2,1259
426,2026-03-19,Expired,978-0-7055-2199-4,1110
427,2026-03-19,Expired,978-0-00-037363-2,1265
428,2026-03-19,Pending,978-1-337-86670-5,1221
429,2026-03-19,Expired,978-0-7357-8845-9,1223
430,2026-03-19,Expired,978-1-5454-5134-2,1299
431,2026-03-19,Active,978-1-77620-317-8,1227
432,2026-03-19,Pending,978-0-691-43107-9,1175
433,2026-03-19,Active,978-0-917897-87-0,1038
434,2026-03-19,Pending,978-1-72847-339-0,1031
435,2026-03-19,Expired,978-0-9728875-3-3,1033
436,2026-03-19,Pending,978-1-64068-255-9,1228
437,2026-03-19,Pending,978-1-64763-240-3,1062
438,2026-03-19,Expired,978-0-559-38616-9,1164
439,2026-03-19,Expired,978-1-267-71189-2,1014
440,2026-03-19,Pending,978-0-7944-5215-5,1292
441,2026-03-19,Expired,978-1-881098-32-4,1032
442,2026-03-19,Pending,978-1-5158-9919-8,1148
443,2026-03-19,Active,978-1-916599-43-7,1167
444,2026-03-19,Pending,978-0-7131-7223-2,1210
445,2026-03-19,Active,978-1-356-22973-4,1177
446,2026-03-19,Pending,978-1-67321-055-2,1034
447,2026-03-19,Active,978-0-605-34859-2,1216
448,2026-03-19,Expired,978-0-305-91768-5,1198
449,2026-03-19,Expired,978-1-300-47745-7,1117
450,2026-03-19,Expired,978-1-5266-3911-0,1166
451,2026-03-19,Pending,978-0-635-90346-4,1189
452,2026-03-19,Pending,978-1-102-90110-5,1140
453,2026-03-19,Expired,978-0-13-051696-1,1273
454,2026-03-19,Pending,978-1-929412-13-6,1290
455,2026-03-19,Active,978-1-368-71762-5,1007
456,2026-03-19,Pending,978-0-360-93523-5,1281
457,2026-03-19,Active,978-0-562-47798-4,1247
458,2026-03-19,Expired,978-0-489-83290-3,1292
459,2026-03-19,Pending,978-0-306-20937-6,1044
460,2026-03-19,Pending,978-1-106-45686-1,1232
461,2026-03-19,Expired,978-0-528-29437-2,1133
462,2026-03-19,Active,978-1-4782-5206-1,1240
463,2026-03-19,Pending,978-1-4113-1573-0,1071
464,2026-03-19,Active,978-0-85333-878-9,1065
465,2026-03-19,Active,978-0-8400-2534-0,1023
466,2026-03-19,Pending,978-1-914941-66-5,1060
467,2026-03-19,Active,978-0-674-61500-7,1146
468,2026-03-19,Expired,978-0-332-57034-1,1222
469,2026-03-19,Active,978-1-66269-855-2,1206
470,2026-03-19,Pending,978-1-4059-9405-7,1220
471,2026-03-19,Pending,978-0-527-83471-5,1057
472,2026-03-19,Pending,978-0-15-877531-9,1115
473,2026-03-19,Expired,978-0-663-36629-3,1161
474,2026-03-19,Expired,978-0-12-185629-8,1174
475,2026-03-19,Pending,978-1-78641-242-3,1139
476,2026-03-19,Pending,978-1-184-44098-1,1016
477,2026-03-19,Active,978-1-936261-63-5,1259
478,2026-03-19,Pending,978-1-127-62706-6,1104
479,2026-03-19,Pending,978-0-393-93665-0,1019
480,2026-03-19,Active,978-0-323-88921-6,1116
481,2026-03-19,Expired,978-0-941418-16-4,1285
482,2026-03-19,Active,978-0-326-20594-5,1104
483,2026-03-19,Active,978-0-457-61802-7,1093
484,2026-03-19,Pending,978-0-447-96659-6,1090
485,2026-03-19,Expired,978-0-534-17860-4,1255
486,2026-03-19,Active,978-1-5009-7948-5,1288
487,2026-03-19,Expired,978-0-08-591114-9,1114
488,2026-03-19,Pending,978-1-75077-867-8,1226
489,2026-03-19,Active,978-0-8031-3510-9,1222
490,2026-03-19,Expired,978-0-379-85609-5,1288
491,2026-03-19,Pending,978-1-906280-73-4,1187
492,2026-03-19,Active,978-0-622-22690-3,1240
493,2026-03-19,Expired,978-0-12-172731-4,1201
494,2026-03-19,Pending,978-1-07-428635-4,1230
495,2026-03-19,Active,978-0-343-93996-0,1115
496,2026-03-19,Pending,978-1-56630-148-0,1171
497,2026-03-19,Expired,978-1-63946-743-3,1107
498,2026-03-19,Expired,978-0-616-38038-3,1126
499,2026-03-19,Pending,978-0-297-53555-3,1227
500,2026-03-19,Pending,978-1-382-78635-5,1156
